Title,Takeaway,Authors,Year,Citations,Abstract,Study Type,Journal,Journal SJR Quartile,DOI,Consensus Link
"An Interpretable Machine Learning Framework for Predicting Academic Burnout Risk Among University Students","Machine learning algorithms, specifically XGBoost and EBM, effectively predict academic burnout risk among university students, with workload perception and stress level being the strongest predictors.","N. B, Jeyachidra J",2026,0,"Academic burnout is a serious problem that has become a critical issue in detection among college students at an early age due to its increasing prevalence rate. In this research, machine learning is used to forecast the risk of burnout and ensure transparency in model interpretation. The online survey to collect the data involved 1250 students and included the variables of academic workload, stress, social interaction, and lifestyle. Some of the algorithms included in the training and the evaluation included XGBoost, Random Forest, Support Vector Machine (SVM), and Explainable Boosting Machine (EBM) which were evaluated on to accuracy, precision, recall and the F1-score. XGBoost has the better accuracy (99.47%), and EBM had the same level of accuracy (97.87%). The strongest predictor of burnout was observed to be workload perception and stress level. The results prove that interpretable AI is capable of providing both where the accuracy and the actionable insight, which can help to implement personalized interventions with students and to develop the informed policy in the higher education.","theoretical, modeling, or simulation study","2026 1st International Conference on Advancing Sustainable Solutions through Technologies (ICASST)","","10.1109/icasst68917.2026.11484289","https://consensus.app/papers/an-interpretable-machine-learning-framework-for-b-j/ae83fbeeaf295d87a473d9d497672d73/"
"An Explainable AI-Based Learning Analytics Framework for Early Identification of At-Risk Students in Higher Education","The proposed Explainable AI-based Learning Analytics Framework effectively identifies at-risk students in higher education, providing transparent explanations for predictions, enabling earlier, fairer, and more defensible academic interventions.","Ankit Kumar Singh, Rubi Singh, Mohd Nadeem",2026,0,"Background: The widespread adoption of Learning Management Systems (LMS) and digital learning platforms in higher education has produced vast repositories of student behavioural and academic data, creating unprecedented opportunities for predictive Learning Analytics (LA). However, academic failure, disengagement, and dropout remain persistent challenges that undermine institutional effectiveness and student wellbeing. Research problem: Existing Machine Learning (ML)-based student-risk prediction systems are predominantly optimised for predictive accuracy and operate as opaque ""black boxes,"" offering limited insight into the reasons underlying a given risk classification. This lack of interpretability constrains their adoption by faculty, academic advisors, and administrators, who require transparent, actionable, and trustworthy evidence before intervening in a student's academic trajectory. Objective: This paper proposes and conceptually validates an Explainable Artificial Intelligence (XAI)-based Learning Analytics Framework designed to identify at-risk students at an early stage of a programme or semester while providing interpretable, human-understandable justifications for each prediction. Methodology: The framework integrates an eight-stage pipeline spanning data collection, preprocessing, feature engineering, comparative machine learning modelling (Logistic Regression, Random Forest, XGBoost, LightGBM, and a Multilayer Perceptron), rigorous evaluation emphasising recall and F1-score under class imbalance, post-hoc explainability using SHapley Additive exPlanations (SHAP) with a supplementary comparison to Local Interpretable Model-Agnostic Explanations (LIME), tiered risk classification, and structured educational intervention pathways. Contribution: The study synthesises 2020-2026 literature on learning analytics, educational data mining, dropout prediction, and explainable AI to identify a converging research gap concerning interpretability, fairness, and pedagogical actionability, and proposes a conceptual and methodological blueprint - including mathematical formulations, an algorithmic specification, and a proposed experimental protocol using publicly available higher-education datasets - that addresses this gap without prematurely claiming unverified empirical results. Educational significance: By coupling predictive analytics with transparent, instance-level and cohort-level explanations, the proposed framework is intended to support - rather than replace - the professional judgement of educators, enabling earlier, fairer, and more defensible academic interventions.","","International Journal of Scientific Research in Computer Science, Engineering and Information Technology","","10.32628/cseit26124235","https://consensus.app/papers/an-explainable-aibased-learning-analytics-framework-for-singh-singh/efbb0b0bfac859b1b933d161e7dc8a1f/"
"An Explainable Machine Learning Framework for Early Prediction of Student Academic Performance","The proposed explainable machine learning framework accurately predicts student academic performance with high predictive performance and transparency, making it suitable for real-world educational decision-support systems.","K. Deepak, Arora Vikas, Pratap Soni Abhinav, Agarwal Anurag",2026,0,"Early identification of students at risk of poor academic performance is essential for improving learning outcomes and reducing dropout rates in higher education institutions. The increasing adoption of digital learning platforms has resulted in the generation of large-scale educational data, enabling the application of machine learning techniques for predictive analytics. Although existing studies report high prediction accuracy, most machine learning–based models operate as black boxes, limiting their interpretability and practical adoption by educators. To address this limitation, this paper proposes an explainable machine learning framework for early prediction of student academic performance. The proposed approach employs a Random Forest classifier for accurate risk prediction and integrates SHapley Additive exPlanations (SHAP) to provide both global and local interpretability of model decisions. Experiments conducted on the UCI Student Performance dataset demonstrate that the proposed framework achieves an accuracy of 91.14%, an F1-score of 86.79%, and an ROC–AUC of 0.9655, outperforming baseline classifiers. Furthermore, SHAP-based explanations identify key academic and behavioral factors influencing student performance and provide individualized explanations for at-risk students. The results confirm that the proposed framework offers both high predictive performance and transparency, making it suitable for real-world educational decision-support systems","","International Journal of Innovative Research in Engineering","","10.59256/ijire.20260702012","https://consensus.app/papers/an-explainable-machine-learning-framework-for-early-deepak-vikas/a1200fd3f53758d69cbde746d5503a6f/"
"Explainable AI Modeling of Academic Burnout in High School Students Using Cognitive Flexibility, School Climate, and Online Learning Engagement","The study developed an explainable AI model that predicts academic burnout in Chinese high school students using cognitive flexibility, school climate, and online learning engagement, providing a powerful tool for early identification and targeted prevention.","Yara Mahfouz, Min-Ying Zhang",2026,0,"Objective: The objective of this study was to develop and validate an explainable artificial intelligence model for predicting academic burnout among Chinese high school students based on cognitive flexibility, perceived school climate, and online learning engagement.

Methods and Materials: This quantitative cross-sectional study was conducted with 1,042 high school students from public schools in three major urban regions of eastern China using multi-stage cluster sampling. Participants completed standardized measures of academic burnout, cognitive flexibility, school climate, and online learning engagement. Data were analyzed using an ensemble machine learning framework combining Random Forest, Gradient Boosting, and XGBoost algorithms. Model performance was evaluated via nested cross-validation. Explainable AI techniques including SHapley Additive exPlanations and Local Interpretable Model-agnostic Explanations were applied to ensure transparency and interpretability of predictions.

Findings: The ensemble model demonstrated strong predictive performance (RMSE = 0.32, MAE = 0.24) and explained 81% of the variance in academic burnout. Cognitive flexibility emerged as the most influential predictor (38.7% relative importance), followed by school climate (31.2%) and online learning engagement (22.5%). The model exhibited high stability across gender and grade-level subgroups, with explained variance ranging from 78% to 83%.

Conclusion: Academic burnout among Chinese high school students is best explained through a dynamic interaction of cognitive, environmental, and behavioral factors, and the proposed explainable AI framework provides a powerful and transparent tool for early identification and targeted prevention of burnout risk in educational settings.","cross-sectional study","Journal of Adolescent and Youth Psychological Studies","","10.61838/kman.jayps.4989","https://consensus.app/papers/explainable-ai-modeling-of-academic-burnout-in-high-school-mahfouz-zhang/94ce1494f398511f80ac8f6c33a16f84/"
"Predicting and structuring adolescent academic burnout: A multi-ecological framework via machine learning and network analysis.","Adolescent academic burnout is influenced by depressive symptoms, digital stressors, and resilience, with teacher-student relationships playing a key role in cross-domain connections.","Shuo Gong, Yunjing Li, Haijiang Li",2026,0,"","cross-sectional study","Acta psychologica","1","10.1016/j.actpsy.2026.106995","https://consensus.app/papers/predicting-and-structuring-adolescent-academic-burnout-a-gong-li/35af8da57ffa590e9fde575e65371493/"
"Ensemble machine learning framework with SHAP and LIME for accurate early prediction of student success in online learning environments","Combining strong predictive algorithms with explainable AI (XA) creates a reliable early-warning system for student success in online learning environments, improving targeted academic interventions and institutional decision-making.","E. Almazroei",2026,3,"The development of digital learning environments has generated rich educational data capable of supporting early prediction of student outcomes. In this study, seven diverse datasets, spanning demographics, parental education, assessment history, and VLE engagement, were integrated into a unified machine-learning pipeline. Four supervised algorithms (Logistic Regression, Random Forest, XGBoost, and Multi-Layer Perceptron) were trained using SMOTE and stratified fivefold cross-validation. XGBoost demonstrates the strongest performance among the evaluated models, achieving 95.04% accuracy, ROC-AUC of 0.9879, F1-score of 0.95, precision of 0.96, and recall of 0.95 on the test set. Cross-validation further confirmed the model's robustness (mean ROC-AUC = 0.9879). The Bagging ensemble also demonstrated competitive performance, achieving a cross-validation accuracy of 0.9487, a cross-validation F1-score of 0.9470, and a test accuracy of 0.9504. To ensure interpretability, SHAP and LIME were employed, revealing cumulative assessment performance, withdrawal patterns, and engagement intensity as the most influential predictors. The results demonstrate that combining strong predictive algorithms with explainable AI (XA) creates a reliable early-warning system capable of supporting targeted academic interventions and improving institutional decision-making.

© 2026. The Author(s).","theoretical, modeling, or simulation study","Scientific Reports","1","10.1038/s41598-026-49894-1","https://consensus.app/papers/ensemble-machine-learning-framework-with-shap-and-lime-for-almazroei/7a3b7f72d6c75037affcaccfa1ce9dd7/"
"Predicting Dropout in MENA STEM Higher Education Using Explainable AI: A Machine Learning Approach","This study developed an explainable machine learning-based early warning system to predict dropout risk among STEM students in the MENA region, using routinely available SIS data to effectively reduce dropout.","Reem A. M. Al Hashmi, Hussein M. Elmehdi, I. Ozturk",2025,2,"This study aims to develop an explainable machine learning–based early warning system to predict dropout risk among Science, Technology, Engineering, and Mathematics (STEM) students in the MENA region. Using longitudinal data from 6,798 undergraduate STEM students enrolled at a major UAE university, we evaluated six supervised classifiers: XGBoost, Gradient Boosting Machine (GBM), Random Forest, CART, Logistic Regression, and K-Nearest Neighbors. Models were trained on institutional student information system (SIS) data spanning ten cohorts (2010–2019), with class imbalance addressed through ROSE sampling. The top-performing models (XGBoost, GBM, and Random Forest) achieved AUC-ROC scores exceeding 0.91 and F1-scores above 0.84, significantly outperforming baseline models. Key predictors of dropout included the number of withdrawn semesters, second-term credit load, academic probation history, and performance in mathematics and physics. To improve interpretability, we applied SHapley Additive exPlanations (SHAP) analysis, enabling both global and individual-level feature attribution. The system offers scalable, real-time predictive capabilities using only routinely available SIS data, with no need for external surveys or learning management system inputs. The novelty of this research lies in its integration of explainable AI into a regional context, enabling early, transparent, and actionable interventions to reduce dropout. These findings contribute to data-driven retention strategies in higher education systems where predictive tools remain underutilized.","theoretical, modeling, or simulation study","Emerging Science Journal","1","10.28991/esj-2025-sied1-016","https://consensus.app/papers/predicting-dropout-in-mena-stem-higher-education-using-hashmi-elmehdi/23a0937be6365ca8a3e9840381307c7c/"
"Early Detection of Academic Burnout Using Student Interaction Logs and Machine Learning","Machine learning-based approach can detect early signs of academic burnout using student interaction logs from online platforms, improving student well-being and academic performance.","Ritika Bhat",2025,0,"Academic burnout is a growing concern in today's digitally driven education system. The prolonged stress of online
learning, frequent assessments, and lack of physical interaction has increased the risk of mental fatigue among students. This
paper presents a machine learning–based approach to detect early signs of academic burnout using student interaction logs
collected from online platforms. The proposed model analyses behavioural data such as login frequency, study time, quiz
performance, and emotional feedback to predict burnout risk levels. Early detection allows timely intervention from educators
and counsellors, improving student well-being and academic performance.","theoretical, modeling, or simulation study","International Journal for Research in Applied Science and Engineering Technology","","10.22214/ijraset.2025.73560","https://consensus.app/papers/early-detection-of-academic-burnout-using-student-bhat/ce42695ceb105081b358097c3da1e481/"
"Early Detection of Student Mental Health and Academic Burnout Using Multimodal Ai-Based Behavioral, Physiological, and Emotional Analysis","This multimodal AI-based system effectively detects and predicts student mental health issues using behavioral, physiological, emotional, and academic data, enabling early intervention in academic environments.","W. V. H. Indrapala, K. K. M. H. Kumarasinghe, A. D. De Silva, A. K. M. Ranathunga, L. Weerasinghe, I. Weerathunga",2026,0,"Mental health issues such as stress, anxiety, depression, and academic burnout are increasingly common among university students and have a significant impact on academic performance and long-term well-being. Existing assessment approaches rely mainly on self-reported questionnaires and periodic evaluations, which are reactive, subjective, and ineffective for early intervention. This paper presents a multimodal artificial intelligence-based system for early identification of student mental health conditions by analyzing behavioral, physiological, emotional, and academic data. The proposed framework integrates facial emotion recognition, wearable sensor data analysis, natural language processing of reflective text to continuously monitor student well-being in a privacy-aware manner. Machine learning and deep learning models are employed to detect stress, anxiety, and burnout indicators and to predict future mental health risks. Experimental results obtained from real and synthetic datasets demonstrate that multimodal analysis provides more reliable and accurate predictions than single-source methods. The proposed system enables early risk identification and supports timely intervention in academic environments.","theoretical, modeling, or simulation study","2026 6th International Conference on Computer Communication and Artificial Intelligence (CCAI)","","10.1109/ccai69603.2026.11642075","https://consensus.app/papers/early-detection-of-student-mental-health-and-academic-indrapala-kumarasinghe/066adda4a5f15c2f83155aa80aeb07b8/"
"Prediction of Burnout Syndrome Risk in University Students Using the C5.0 Algorithm","The C5.0 algorithm accurately predicts student burnout risk with 97% accuracy, identifying factors like stress level and emotional exhaustion, aiding early detection and data-driven preventive interventions.","Noni Fauzia Rahmadani, Sriani",2026,0,"Burnout among university students is a serious issue that can reduce learning motivation, academic performance, and mental health. Approximately 25–30% of students experience burnout symptoms, which negatively affect concentration and academic productivity. Early detection is still limited due to the lack of accurate data analysis. This study aims to predict the risk level of student burnout using the C5.0 algorithm as a classification method capable of handling both categorical and numerical data. The research data were obtained from 306 students at Universitas Islam Negeri Sumatera Utara through an online questionnaire based on the Maslach Burnout Inventory–Student Survey (MBI-SS). The data were processed through cleaning, encoding, and splitting into training and testing sets using Python. The results show that the model achieves excellent classification performance, with an accuracy of 99.25% on the training set (precision 99.72%, recall 99.45%) and 97% on the testing set (precision 100%, recall 96%). The model also identifies the most influential attributes contributing to burnout, such as stress level and emotional exhaustion. The main contribution of this study is the development of an accurate and interpretable machine learning-based model for predicting student burnout risk. These findings provide practical implications for educational institutions in supporting early detection and designing data-driven preventive interventions, such as counseling services and stress management programs.","theoretical, modeling, or simulation study","JURIKOM (Jurnal Riset Komputer)","","10.30865/jurikom.v13i2.9550","https://consensus.app/papers/prediction-of-burnout-syndrome-risk-in-university-rahmadani-sriani/dbf39ffdf29a5e699034ed62697eb2e0/"
"Detecting Burnout Among Undergraduate Computing Students with Supervised Machine Learning","Machine learning trained on university records can effectively detect academic burnout symptoms like exhaustion and cynicism, but not professional efficacy, without relying on psychological surveys.","Eldar Yeskuatov, Lee Kien Foo, Sook-Ling Chua",2025,5,"Background: Academic burnout significantly impacts students' cognitive and psychological well-being and may result in adverse behavioral changes. An effective and timely detection of burnout in the student population is crucial as it enables educational institutions to mobilize necessary support systems and implement intervention strategies. However, current survey-based detection methods are susceptible to response biases and administrative overhead. This study investigated the feasibility of detecting academic burnout symptoms using machine learning trained exclusively on university records, eliminating reliance on psychological surveys. Methods: We developed models to detect three burnout dimensions-exhaustion, cynicism, and low professional efficacy. Five machine learning algorithms (i.e., logistic regression, support vector machine, naive Bayes, decision tree, and extreme gradient boosting) were trained using features engineered from administrative data. Results: Results demonstrated considerable variability across burnout dimensions. Models achieved the highest performance for exhaustion detection, with logistic regression obtaining an F1 score of 68.4%. Cynicism detection showed moderate performance, while professional efficacy detection has the lowest performance. Conclusions: Our findings showed that automated detection using passively collected university records is feasible for identifying signs of exhaustion and cynicism. The modest performance highlights the challenges of capturing psychological constructs through administrative data alone, providing a foundation for future research in unobtrusive student burnout detection.","theoretical, modeling, or simulation study","Healthcare","2","10.3390/healthcare13233182","https://consensus.app/papers/detecting-burnout-among-undergraduate-computing-yeskuatov-foo/0f03c69dac2c5b5490213b419859f2db/"
"Explainable XGBoost Early-Warning Framework for Academic Stress-Based Student Mental Health Risk Mapping","The study proposes an XGBoost-based early-warning framework for non-clinical mapping of student mental health risk from academic stress indicators, aiming to support early institutional prioritization and counseling referral.","Supriyono, H. Firmansyah, Soni Adiyono",2026,0,"Existing university mental health monitoring often depends on voluntary help-seeking or manual questionnaire interpretation, which may delay early support for students experiencing academic stress. This study proposes an explainable XGBoost-based early-warning framework for non-clinical mapping of student mental health risk from academic stress indicators. The single-site dataset comprised 1,002 anonymized student records from Universitas Muria Kudus. K-Means clustering was used to transform DASS-21 depression, anxiety, and stress scores into low, moderate-, and high-risk categories, while XGBoost predicted the cluster-derived labels using seven single-item academic stress indicators and engineered aggregate and interaction features. On a stratified hold-out testing set of 201 records, the model achieved weighted precision, recall, and F1-score values of 0.8907, 0.8905, and 0.8906, respectively, with class-level F1-scores of 0.9109 for low risk, 0.8900 for moderate risk, and 0.8713 for high risk. Additional ablation, clustering sensitivity, subgroup, threshold, and SHAP stability analyses were conducted to strengthen robustness and interpretability. The findings show that cumulative academic stress and interaction features involving parental expectations, exam anxiety, and learning-method adaptation were consistently influential predictors. The framework is intended to support early institutional prioritization and counseling referral, not clinical diagnosis. Generalization remains limited by the single-institution sample and the use of single-item academic stress indicators; therefore, local retraining and recalibration are required before institutional deployment, including implementation of the Streamlit prototype.","theoretical, modeling, or simulation study","Jurnal RESTI (Rekayasa Sistem dan Teknologi Informasi)","","10.29207/resti.v10i4.7812","https://consensus.app/papers/explainable-xgboost-earlywarning-framework-for-academic-supriyono-firmansyah/64c6687dd3cb508fb8a686dd1431c3f6/"
"Interpretable Machine Learning for Early Detection of Academically At-Risk Students Using Behavioral, Socio-Demographic and Learning-Related Factors","Interpretable machine learning models can effectively predict academically at-risk students using behavioral, socio-demographic, and learning-related factors, improving early warning systems for educators.","Vadlya Maarif",2026,0,"The increasing adoption of learning analytics in higher education has encouraged the development of machine learning models for the early detection of academically at-risk students. However, many predictive models emphasize accuracy while providing limited interpretability for educators and academic advisors. This study proposes an interpretable machine learning framework for predicting academic risk using behavioral, socio-demographic, and learning-related student variables. A publicly available synthetic Kaggle dataset consisting of 500 student records was used as a controlled dataset for methodological validation. The data were preprocessed through missing-value handling, standardization, and one-hot encoding before being divided into training and testing sets. Several classifiers were evaluated, including Naive Bayes, Support Vector Machine, Random Forest, Logistic Regression, and XGBoost. Logistic Regression was employed as an interpretable baseline model, while XGBoost was used as a comparative ensemble classifier. Model performance was evaluated using accuracy, precision, recall, F1-score, AUC, and confusion matrix analysis. The results show that Logistic Regression achieved the highest accuracy and F1-score, with an accuracy of 0.8600 and an F1-score of 0.7812. XGBoost achieved the highest AUC value of 0.9278, followed closely by Logistic Regression with an AUC of 0.9246. Random Forest and XGBoost produced the lowest false negative values, indicating their ability to identify at-risk students more effectively. SHAP-based explainability revealed that weekly study hours, assignment completion, class attendance, and sleep duration were the most influential predictors. These findings suggest that interpretable machine learning can support academic early-warning systems by providing transparent prediction results. Since the dataset is synthetic, the findings should be interpreted as methodological validation rather than direct generalization to real student populations.","theoretical, modeling, or simulation study","Telematika","","10.35671/telematika.v19i2.3318","https://consensus.app/papers/interpretable-machine-learning-for-early-detection-of-maarif/815ef00cc4ec5227a4319ebd464f901e/"
"Framework for suggesting corrective actions to help students intended at risk of low performance based on experimental study of college students using explainable machine learning model","This study developed a model that accurately identifies at-risk students and suggests remedial actions using machine learning techniques, reducing dropout rates and improving academic performance.","Harsimran Singh, Banipreet Kaur, Arun Sharma, A. Singh",2023,18,"Today, the main aim of educational institutes is to provide a high level of education to students, as career selection is one of the most important and quite difficult decisions for learners, so it is essential to examine students' capabilities and interests. Higher education institutions frequently face higher dropout rates, low academic achievement, and graduation delays. One potential answer to these issues is to better leverage student data stored in institutional databases and online learning platforms to forecast students' academic achievements early by using artificial intelligence and advanced computer algorithms. Several research projects have been launched with the goal of building systems that can predict student performance. However, a system that can forecast student performance and identify the various factors that directly impact it is required. The purpose of this research work is to create a model that correctly identifies students who are in danger of low performance, as well as to identify the factors that contribute to this phenomenon and suggesting the remedial actions so as to reduce dropout rate and low performance among students. The emphasis of this study is to explore various factors that may affect mental health which lead to low performance or loss of interest in studies. The developed model can accurately identify at-risk students with over 96.5% accuracy using Machine learning techniques. This study focuses extensively on various factors apart from academics, such as personal and family factors and their association with student performance. To increase the accuracy of performance predictions, the model combines explainable Machine learning techniques to outline the factors associated with poor performance and discusses a novel framework that will help to increase the accuracy of prediction of the established prediction system. This assists low-performing students in improving their academic metrics by executing corrective actions that address the issues. The proposed novel framework, with the help of a mapping table, will recommend corrective actions along with visualization using the heatmap technique which may help the students to perform better in exams, increase the institution's effectiveness, and improves any country’s economic growth and stability.","","Education and Information Technologies","1","10.1007/s10639-023-12072-1","https://consensus.app/papers/framework-for-suggesting-corrective-actions-to-help-singh-kaur/fe9b1cdbd71a54ad9a7be3cad59cf18e/"
"Ex-ADA: a SHAP-based explainable AdaBoost framework for predicting at-risk students","Ex-ADA, an explainable AdaBoost-based framework, accurately predicts academically at-risk students with 84.12% accuracy and 92.31% AUC, outperforming conventional classifiers and providing personalized insights for effective interventions.","Emrah Arslan, Silvia Gaftandzhieva, Javad Hassannataj Joloudari, R. Doneva",2026,4,"
 
 Early identification of academically at-risk students remains a persistent challenge in higher education, largely due to the limited explainability and adaptability of existing predictive models. Although many early-warning systems rely on behavioral, assessment, or attendance data, their lack of transparent decision-making often reduces trust and limits their practical utility for educators.
 
 
 
 To address this problem, this study proposes Ex-ADA, an Explainable AdaBoost-based framework that integrates the interpretive strength of SHapley Additive exPlanations (SHAP) with the robust ensemble learning capabilities of AdaBoost. Using academic, behavioral, and engagement indicators from 642 students enrolled in the Fundamentals of Programming course at the University of Plovdiv, the framework aims to deliver both high predictive accuracy and human-interpretable insights for data-driven intervention.
 
 
 
 Ex-ADA achieves an accuracy of 84.12% and an AUC of 92.31%, outperforming conventional classifiers such as k-nearest neighbor, decision tree, naïve Bayes, and multilayer perceptron. SHAP analyses reveal that attendance, midterm practice performance, and homework completion are the most influential predictors of student success.
 
 
 
 In addition to global interpretability, the framework provides personalized, instance-level explanations that help instructors understand each student’s risk factors. By bridging predictive analytics with transparent educational decision-making, Ex-ADA demonstrates how explainable ensemble models can enhance early-warning systems and support more effective, timely pedagogical interventions.
","theoretical, modeling, or simulation study","Frontiers in Education","2","10.3389/feduc.2025.1728070","https://consensus.app/papers/exada-a-shapbased-explainable-adaboost-framework-for-arslan-gaftandzhieva/1fea23267e98598b8027ef66f86be2a1/"
"Interpretable Time-Aware AI Framework for Early Detection and Assessment of At-Risk Learners","This study presents an interpretable, time-aware AI framework that accurately detects and assesses at-risk learners in MOOCs, improving retention and adaptive interventions.","Khan Ghulam Murtaza, Li-Bin Cai, S. G. Hassan",2026,1,"Early detection of at-risk learners is essential for enhancing retention and delivering adaptive interventions in online education. This paper presents an interpretable, time-aware artificial intelligence (AI) framework that integrates temporal behavior modeling, explainable ensemble learning, and decision calibration to support formative assessment in massive open online courses (MOOCs). Weekly learner engagement data from an open-access MOOC dataset were reconstructed into temporal sequences to capture changes in participation, quiz performance, and video interaction. Temporal descriptors—such as engagement trend, volatility, and learning momentum—were engineered to quantify behavioral dynamics over time. Feature attribution and selection were achieved using SHapley Additive exPlanations (SHAP), ensuring pedagogically meaningful interpretability. A soft-voting ensemble combining XGBoost and Random Forest classifiers was optimized with class-balance correction through SMOTE and threshold calibration via the receiver-operating-characteristic (ROC) curve. The proposed model achieved 87 % accuracy, 0.914 ROC AUC, and 95 % recall, outperforming comparable benchmark methods while maintaining transparency. The framework enables instructors to visualize individualized risk profiles and understand the behavioral indicators underlying each prediction, transforming dropout modeling into actionable early-warning assessment. By uniting temporal analytics with explainable AI, this study advances trustworthy, human-centered intelligence for continuous learner monitoring and personalized educational support.","","IEEE Access","1","10.1109/access.2026.3675365","https://consensus.app/papers/interpretable-timeaware-ai-framework-for-early-detection-murtaza-cai/1203f32ed9705c8398c6ecc69d532565/"
"A Machine Learning–Based Early Warning Framework for Predicting Academic Attrition Using Institutional Data","This machine learning-based early-warning framework effectively predicts academic attrition using institutional data, aiding early identification of students needing academic or retention interventions.","Nichelle B. Abusman, Fredilyn B. Calanda",2026,0,"Academic attrition remains a significant challenge in higher education because of its implications for student success, institutional planning, and the allocation of academic support resources. This paper presents a machine learning-based early-warning framework for predicting academic attrition using an anonymized ten-year institutional dataset from a private university in the Philippines. Following an educational data mining workflow, features were derived from enrollment records, grades, grade point average, course information, academic load, and returnee status. Four supervised learning models were evaluated: Logistic Regression, Random Forest, Gradient Boosting, and XGBoost. Class imbalance was addressed using SMOTE-NC applied only to the training data. Among the evaluated models, XGBoost produced the strongest recall-oriented performance, achieving a recall of 0.7591 and ROC-AUC of 0.9046 at the 0.50 threshold, correctly identifying 775 of the 1,021 churn cases in the held-out test set. Important predictors included first-semester status, failure percentage, GPA, zero-GPA indicator, and returnee status. The findings suggest that institutional academic records can support early identification of students who may require timely academic or retention interventions.","theoretical, modeling, or simulation study","2026 International Conference on Emerging Trends in Information, Communication & Systems (ICETICS)","","10.1109/icetics69505.2026.11651084","https://consensus.app/papers/a-machine-learning%E2%80%93based-early-warning-framework-for-abusman-calanda/343c4c0399be5138aec4759a271f61b4/"
"Explainable Machine Learning Pipeline for Early Warning of Student Dropout in Graduate Programs Using SHAP and Gradient Boosting","This paper proposes an explainable machine learning pipeline for early detection of student dropout in master's degree programs, using gradient boosting and SHAP explanations for effective risk identification.","Dodi Syaripudin, Dede Hendrik, Andriyana Andriyana, Karya Suhada",2026,0,"Student attrition in graduate programs is costly for students and institutions alike, yet most predictive models deployed for early warning behave as black boxes that program managers cannot audit. This paper proposes an end-to-end explainable machine learning pipeline for the early detection of dropout risk in master’s degree programs. The pipeline integrates academic, engagement, and administrative features available at the end of the first semester; trains a gradient boosting classifier with cross validated hyperparameter selection against logistic regression and random forest baselines; calibrates a cost sensitive alert threshold; and attaches Shapley additive explanations (SHAP) to every alert at both global and individual levels. The pipeline is evaluated in a controlled simulation study of 1,200 synthetic student records whose generative process mimics graduate-program registrar and learning management system data, including nonlinear threshold and interaction effects. On a held-out test set, the tuned gradient boosting model attains an area under the ROC curve of 0.790 with a recall of 0.613 at the calibrated threshold, comparable to the strongest baseline, while providing exact, efficient TreeSHAP explanations. Global SHAP analysis correctly recovers first-semester GPA, attendance, and engagement as the dominant risk drivers embedded in the simulation, and local explanations translate individual alerts into actionable counseling points. The results indicate that explanation quality, rather than raw discrimination alone, is the decisive ingredient for adoption of dropout early warning systems by study program managers. Keywords: Dropout pred","theoretical, modeling, or simulation study","Journal of Intelligent Software Systems","","10.26798/jiss.v5i1.2805","https://consensus.app/papers/explainable-machine-learning-pipeline-for-early-warning-syaripudin-hendrik/fa0eccc604495548ae58e6d305d1693d/"
"Early warning and recommendation system for undergraduate students at higher education institutions based on machine learning methods","This machine learning-based early warning and recommendation system effectively identifies undergraduate students at academic risk and provides personalized strategies to improve their outcomes, enhancing academic advising efficiency and student retention.","Sameh Taqatqeh, Mary Agoyi",2026,2,"With the rising complexity of student data and the growing need for timely academic interventions, higher education institutions increasingly require intelligent systems to support student success. This research proposes a machine learning-based early warning and recommendation system designed to identify undergraduate students at academic risk and provide personalized strategies to improve their outcomes. A comprehensive dataset containing institutional, academic, and demographic variables was used to train and evaluate fifteen machine learning classifiers, where data from semester N were used to predict academic warning status in semester N + 1, Among them, ensemble and hybrid models such as Boosting with Grid Search, Stacking, and Random Forest outperformed traditional methods in terms of accuracy, recall, and area under the curve (AUC). The best-performing model, Boosting with Grid Search, achieved an accuracy of 89.7, a recall of 0.92, and an AUC of 0.92, demonstrating the strong predictive capability of the proposed approach. Feature selection techniques, including correlation-based and information gain approaches, revealed that academic performance indicators like program average (SCGPA), semester average (grade point average; GPA) and cumulative average (CGPA) were the most predictive features. Beyond early detection, the system incorporates a recommendation module that identifies root causes of academic risk—such as course mismatch and disengagement—and suggests tailored solutions. SHapley Additive exPlanations (SHAP)-based explainability was employed to enhance model transparency, allowing stakeholders to understand and trust the decision-making process. The proposed system offers dual benefits: it improves the efficiency of academic advising while enhancing student retention through data-informed interventions. This work demonstrates the value of integrating predictive analytics with explainable AI (XAI) to support student-centered educational practices.","theoretical, modeling, or simulation study","PeerJ Comput. Sci.","1","10.7717/peerj-cs.3792","https://consensus.app/papers/early-warning-and-recommendation-system-for-taqatqeh-agoyi/fae5013c27325c15938f23219342db84/"
"A Framework for Explainable Early Prediction of Student Academic Performance Using Machine Learning Techniques","This research developed an explainable machine learning framework for early predicting students' academic performance using early-stage features like demographics, engagement, and initial assignment grades, with a Random Forest classifier achieving the best performance.","P. S. D. P. Sumalatha",2026,0,"The earlier at-risk students can be detected, the better students’ performance and lower the dropout rate can be achieved. The goal of this research is to develop an explain-able machine learning framework for early predicting students’ academic performance on Open University Learning Analytics Dataset (OULAD). It employs the information available from early-stage features such as demographics, students’ engagement and initial assignment grades to make predictions. Several ML models were applied and a Random Forest classifier obtained the best prediction performances over other methods concerning accuracy, precision, recall and F1-score. The proposed system added the technique of SHAP (SHapley Additive Explanations) for both global and local interpretation of model predictions and it also provides explanations through a user-friendly dashboard. The outcomes indicate that this proposed framework provides an excellent and efficient solution to make decisions based on data that yields a timely and insightful system with accurate predictions and clear explanations.
Index Terms—Early Student Performance Prediction, Machine Learning, Random Forest, Explainable Artificial Intelligence (XAI), SHAP, Educational Data Mining, OULAD Dataset, Pre-dictive Analytics, Student Engagement, Decision Support System","","International Journal of Creative and Open Research in Engineering and Management","","10.55041/ijcope.v2i5.201","https://consensus.app/papers/a-framework-for-explainable-early-prediction-of-student-sumalatha/1bbce43a64b4519e9b05e2ee1b9e98ed/"
"From Prediction to Personalized Intervention: An Explainable, Lightweight SHAP-Driven Ensemble Framework for Early Academic Failure Risk Assessment","The SHAP-driven ensemble framework accurately predicts early academic failure risk in e-learning with 94.7% accuracy, providing actionable intervention recommendations for at-risk students.","Mazin Mohammed Hamid",2026,0,"Early identification of students at risk remains one of the most critical problems in e-learning learning, and most of the prediction models sacrifice accuracy to be interpretable, and are expensive to implement using deep learning architectures that are not feasible in the educational systems with limited resources. This paper proposes a model to interpret the model globally and instance-level using SHapley Additive exPlanations (SHAP) along with three machine learning algorithms (Random Forest (RF), XGBoost, and Gradient Boosting (GB)) in a lightweight, easy to explain academic performance prediction framework. We use three publicly available datasets to test the framework: the UCI Student Performance Dataset (649 records, 33 features), Open University Learning Analytics Dataset — OULAD — (32,593 records, 23 features), and the Kaggle Student Habits Dataset (1,000 records, 20 features). Data leakage is prevented by the Synthetic Minority Oversampling Technique (SMOTE) used during training folds and hyperparameters are tuned using RandomizedSearchCV with five-fold stratified cross-validation. The proposed ensemble achieves 94.7% accuracy, 0.943 F1 score and 0.971 AUC-ROC in 1.8 seconds of CPU training time (470× faster than the state of the art deep learning models LSTM and CNN+LSTM, and without requiring any GPU hardware). At the population level, SHAP is a measure of the most important predictive features of the model and automatically provides actionable intervention recommendations for each at-risk student. The Wilcoxon signed-rank test is used to establish the statistical significance (p<0.01) and an ablation study is used to measure the contribution of each component of the system. It should be deployable on common laptop computers and be based on open and free tools, accessible for institutions with restricted computational resources, and explored in relation to the fairness, privacy and trustworthy-AI requirements for educational deployment.","","Technium: Romanian Journal of Applied Sciences and Technology","","10.47577/technium.v31i.13771","https://consensus.app/papers/from-prediction-to-personalized-intervention-an-hamid/6669ca6974945171871d5e17992ae8ef/"
"A Modular and Explainable Machine Learning Pipeline for Student Dropout Prediction in Higher Education","XGBoost, a boosted ensemble with Shapley additive explanations, effectively predicts student dropout in higher education, with high accuracy and transparency.","Abdelkarim Bettahi, Fatima-Zahra Belouadha, Hamid Harroud",2025,11,"Student dropout remains a persistent challenge in higher education, with substantial personal, institutional, and societal costs. We developed a modular dropout prediction pipeline that couples data preprocessing with multi-model benchmarking and a governance-ready explainability layer. Using 17,883 undergraduate records from a Moroccan higher education institution, we evaluated nine algorithms (logistic regression (LR), decision tree (DT), random forest (RF), k-nearest neighbors (k-NN), support vector machine (SVM), gradient boosting, Extreme Gradient Boosting (XGBoost), Naïve Bayes (NB), and multilayer perceptron (MLP)). On our test set, XGBoost attained an area under the receiver operating characteristic curve (AUC–ROC) of 0.993, F1-score of 0.911, and recall of 0.944. Subgroup reporting supported governance and fairness: across credit–load bins, recall remained high and stable (e.g., <9 credits: precision 0.85, recall 0.932; 9–12: 0.886/0.969; >12: 0.915/0.936), with full TP/FP/FN/TN provided. A Shapley additive explanations (SHAP)-based layer identified risk and protective factors (e.g., administrative deadlines, cumulative GPA, and passed-course counts), surfaced ambiguous and anomalous cases for human review, and offered case-level diagnostics. To assess generalization, we replicated our findings on a public dataset (UCI–Portugal; tables only): XGBoost remained the top-ranked (F1-score 0.792, AUC–ROC 0.922). Overall, boosted ensembles combined with SHAP delivered high accuracy, transparent attribution, and governance-ready outputs, enabling responsible early-warning implementation for student retention.","theoretical, modeling, or simulation study","Algorithms","2","10.3390/a18100662","https://consensus.app/papers/a-modular-and-explainable-machine-learning-pipeline-for-bettahi-belouadha/56d12b89e0615c5582c5e50b844db15f/"
"Explainable Dynamic Weighted Ensemble Learning for Depression Risk Stratification and Tiered Intervention in University Students","The Dynamic Weighted Ensemble Model (DWEM) effectively identifies depression risk in university students, with academic performance, stress-burnout, sleep problems, and protective factors as key risk determinants.","You-Hao Wang, Wirapong Chansanam, Lan Thi Nguyen",2026,0,"Depression among college students is a growing public health concern, with existing screening methods often limited in sensitivity, scalability, and interpretability. This study developed and validated an explainable machine learning framework for early depression risk identification and tiered intervention planning in universities. We propose a Dynamic Weighted Ensemble Model (DWEM) that integrates five tree-based algorithms, with weights optimized via Bayesian search and cost-sensitive learning. Informed by the diathesis–stress framework, features were engineered and interpreted using SHAP to provide global and local explanations. The model was evaluated using stratified five-fold cross-validation with careful control of data leakage. The DWEM achieved an accuracy of 94.96% and an AUC of 98.95%, with balanced sensitivity and specificity, outperforming both single-model benchmarks and traditional questionnaire-based screening. SHAP analysis stably identified academic performance, stress-burnout, sleep problems, and protective factors as key risk determinants. Based on these outputs, a probability-based three-tier intervention framework was designed to translate risk stratification into actionable clinical support. This study demonstrates that an optimized ensemble approach, combined with theory-driven features and robust explainability, can provide a reliable, transparent, and practical tool for scalable mental health screening, supporting a shift toward proactive, data-driven prevention and efficient resource allocation in campus settings.","","Journal of Applied Science, Engineering, Technology, and Education","","10.35877/454ri.asci4621","https://consensus.app/papers/explainable-dynamic-weighted-ensemble-learning-for-wang-chansanam/3ab59b90f5ec508781260aaab2f1d09f/"
"Academic early warning model based on machine learning and model application","The academic early warning system based on machine learning accurately predicts and intervenes in students' academic crises, with a 96.32% accuracy rate and user-friendly interface.","Qiang Li, Yihan Liu, Rui Ma, Qike Wu",2026,1,"With the expansion of higher education, the uncertainty of students' academic completion and the diversity of academic crises have posed new challenges to the management of higher education. This study aims to design and implement a dynamic academic early warning system based on machine learning to predict and intervene in students' academic crises. By analyzing the causes of academic crisis, the fuzzy comprehensive evaluation with analytic hierarchy process method is used to construct an academic early warning indicator system comprising 10 key indicators. This ensures the scientificity and rationality of the indicator system through expert scoring and consistency test. On this basis, a radial basis function neural network was used to construct an academic early warning model, which outperforms the recurrent neural network and Softmax regression model in terms of prediction accuracy and convergence speed. The system was developed using hypertext markup language, cascading style sheets, JavaScript, and Python to achieve a user-friendly human-computer interaction interface and provide personalized academic alert services. The experimental results demonstrate that the system exhibits high sensitivity and accurate recognition capabilities when dealing with large-scale student datasets, achieving an accuracy rate of 96.32% and a root mean square error of 0.2926, which meets the practical requirements of academic early warning. The results of this study not only provide a new academic early warning tool for colleges, but also have important practical value for promoting the construction of smart campus and digital campus. The current findings, drawn from a sample limited to engineering with an overrepresentation of males, require future validation in multi-disciplinary and gender-balanced cohorts to establish broader applicability.

© 2026. The Author(s).","theoretical, modeling, or simulation study","Scientific Reports","1","10.1038/s41598-026-51767-6","https://consensus.app/papers/academic-early-warning-model-based-on-machine-learning-and-li-liu/ac91b7c624e35ed793e6cba66823728b/"
"Burnout Risk Profiles in Psychology Students: An Exploratory Study with Machine Learning","Burnout risk profiles in psychology students include higher distress, emotional regulation difficulties, poor psychological well-being, sleep quality, pro-inflammatory diet, and less physical activity.","M. Pereira, Martim Santos, Renata Magalhães, Cláudia Rodrigues, Odete Araújo, Dalila Durães",2025,16,"University students are at increased risk of developing burnout and psychological distress from high academic workloads and performance expectations. The purpose of this study is to analyze the relationship between psychological and lifestyle variables and academic burnout, as well as to identify burnout risk profiles in psychology students. This study used a cross-sectional design and included 274 Portuguese psychology students, the majority being undergraduates (72.6%). Participants were assessed on psychological well-being, psychological distress, difficulties in emotional regulation, type of diet, physical activity, sleep quality, and burnout. The results showed that psychological distress, difficulties in emotional regulation, and sleep quality were positively associated with burnout, while psychological well-being was negatively associated. Using machine learning algorithms, two distinct profiles were found: ""Burnout Risk"" and ""No Risk"". A total of 62 participants were identified as belonging to the burnout risk profile, showing higher levels of distress, emotional regulation difficulties, poor psychological well-being and sleep quality, pro-inflammatory diet, and less physical activity. The accuracy of the three machine learning models-Random Forest, XGBoost, and Support Vector Machine-was 95.06%, 93.82%, and 97.53%, respectively. These results suggest the importance of health promotion within university settings, together with mental health strategies focused on adaptive psychological functioning, to prevent the risk of burnout.","cross-sectional study","Behavioral Sciences","1","10.3390/bs15040505","https://consensus.app/papers/burnout-risk-profiles-in-psychology-students-an-pereira-santos/91f7fdef801b507e9298340310ff2de1/"
"Efficient and Interpretable Machine Learning for Student Academic Outcome Prediction","A reduced-dimensional machine learning framework using Gradient Boosting and Random Forest models effectively predicts undergraduate academic outcomes, with second-semester engagement variables being the dominant factors shaping student outcomes.","H. Gu, Yuqi Zhang",2026,3,"Understanding and preventing student dropout presents a decision-critical modeling problem involving heterogeneous variables, nonlinear relationships, and the need for transparent inference. This study addresses the prediction of undergraduate academic outcomes, including Graduation, Enrolled, and Dropout, by proposing a efficientand interpretable machine learning framework that explicitly balances predictive performance, feature efficiency, and algorithmic explainability. The empirical analysis relies on a dataset of 4424 student records across 17 undergraduate programs from the Polytechnic Institute of Portalegre, Portugal. In contrast to existing approaches that rely on high-dimensional input spaces and opaque predictive architectures, we develop a reduced-dimensional classification pipeline based on recursive feature elimination with Gradient Boosting and Random Forest models. Starting from a comprehensive set of demographic, academic, and financial indicators, only 20 informative predictors are retained for model construction, substantially reducing input complexity while preserving predictive capacity. Comparative evaluation across multiple learning algorithms identifies Gradient Boosting as the most effective model, achieving an AUC of 0.891. Beyond predictive accuracy, the proposed framework emphasizes model interpretability through the integration of SHapley Additive exPlanations (SHAP), enabling quantitative attribution of feature contributions at both global and instance levels. The analysis reveals that second-semester academic engagement variables—including the number of courses approved, evaluated, and enrolled—as well as tuition fee payment status and age at enrollment, are the dominant factors shaping student outcomes. Overall, the results demonstrate that strong classification performance can be achieved using a compact feature set while maintaining transparent and explainable model behavior. By combining mathematically grounded feature selection with principled model explanation, this study advances methodological understanding of how efficiency, interpretability, and predictive accuracy can be jointly optimized in applied machine learning, with implications for decision-support systems in educational analytics.","theoretical, modeling, or simulation study","Mathematics","2","10.3390/math14040626","https://consensus.app/papers/efficient-and-interpretable-machine-learning-for-student-gu-zhang/3b43ef019db2526e88acef7fb24d8e29/"
"Explainable Early Warning Systems for Student Dropout Prediction: Insights from a Bibliometric Analysis","X-EWS, a five-layer explainable early-warning framework, addresses interpretability, transferability, fairness, and deployment challenges in student dropout prediction in higher education.","D. Radulescu, V. Balas",2026,0,"Student dropout and weak academic performance are among the most costly problems higher education institutions face, and their early prediction has become an active research field. This paper maps that field through a bibliometric analysis of 352 Scopus-indexed documents published in English between 2014 and 2025, selected from 446 records through a documented screening. Author-keyword co-occurrence analysis in VOSviewer, after thesaurus-based cleaning, yielded 39 recurrent keywords organized into four clusters: an applied core around machine learning and dropout prediction in higher education; classification algorithms and deep-learning architectures; the older educational-data-mining vocabulary; and academic performance, retention and class imbalance. A temporal overlay shows the field moving from generic classification and data mining toward deep learning, gradient boosting and explainable artificial intelligence (XAI). Against the four gaps this map exposes, interpretability, transferability, fairness and deployment, we propose X-EWS, a five-layer explainable early-warning framework spanning data acquisition to intervention and governance, in which each gap is answered by a specific architectural choice. A proof-of-concept instantiation on a public benchmark of 4,424 students illustrates that each layer of the framework can be realized with standard, auditable components.","","Int. J. Comput. Commun. Control","3","10.15837/ijccc.2026.4.7599","https://consensus.app/papers/explainable-early-warning-systems-for-student-dropout-radulescu-balas/96f9530c46435672aae91029f1e23c40/"
"Explainable Multimodal Deep Learning for Course-Level Academic Risk Detection in Higher Education","The Explainable Multimodal Deep Learning Framework (EMDLF) accurately detects academic risks in higher education using routinely collected grade data, providing transparent reasoning for trustworthy early warning systems.","K. T. Nguyen, Kien Dao, V. Dinh",2026,0,"Early identification of students at academic risk is essential for timely intervention and improved learning outcomes. While recent multimodal Early Warning Systems (EWS) have improved predictive accuracy by integrating diverse learning data, most remain black-box models with limited interpretability for educators. This paper introduces an Explainable Multimodal Deep Learning Framework (EMDLF) that integrates a Convolutional Neural Network (CNN) for transcript image analysis with a CatBoost model for structured academic metadata, using only routinely collected grade data for practical and low-cost deployment. Interpretability is achieved through Grad-CAM, which visualizes spatial attention, and SHAP, which quantifies metadata feature importance. Experiments on real-world data from a Vietnamese university show that the model attains an average AUC of 0.80 across eight courses, providing both high predictive accuracy and transparent reasoning for trustworthy early-warning systems in higher education.","theoretical, modeling, or simulation study","2026 International Conference on Artificial Intelligence, Computer, Data Sciences and Applications (ACDSA)","","10.1109/acdsa67686.2026.11467827","https://consensus.app/papers/explainable-multimodal-deep-learning-for-courselevel-nguyen-dao/b5453adf038e5ef6b3afdfc1b72b8af3/"
"Artificial Intelligence-Driven Early Prediction of Student Dropout and Academic Outcomes in Higher Education: A Comparative Study of Advanced Machine Learning Approaches","Ensemble models, specifically Random Forest and LightGBM, are effective in early predicting student dropout and academic outcomes in higher education.","N. Vo, Q. Le, Hang Le",2026,2,"Student dropout in higher education remains a critical challenge with significant academic, social, and economic implications. Early identification of students at risk of dropout enables institutions to design timely and targeted interventions that support academic success and improve retention rates. This study proposes a machine learning (ML)–driven framework for the early prediction of student dropout and academic outcomes in higher education using a comprehensive, real-world dataset collected from a higher education institution. The prediction task is formulated as a multiclass classification problem with three outcomes: dropout, enrolled, and graduate. To evaluate the effectiveness of different modeling approaches, we conduct a comparative analysis of widely used ML algorithms, including Logistic Regression, Naïve Bayes, k-Nearest Neighbors, Support Vector Machine, Decision Trees, Random Forest (RF), AdaBoost, XGBoost, LightGBM, and CatBoost. Results indicate that ensemble models achieve the best performance. RF attains the highest test accuracy (0.7797) and ROC-AUC (OvR) (0.8919), while LightGBM yields the best Macro-F1 (0.7082). Feature importance analysis shows that early academic progress indicators (approved units and semester grades) are the strongest predictors, followed by selected administrative/contextual factors such as tuition-fee status and course. Overall, this study provides empirical evidence supporting the use of ML techniques as effective decision-support tools for higher education institutions. The proposed framework offers actionable insights for administrators and policymakers seeking to develop data-driven strategies aimed at reducing dropout rates, improving academic success, and promoting equitable access to educational opportunities.","theoretical, modeling, or simulation study","EAI Endorsed Transactions on Industrial Networks and Intelligent Systems","3","10.4108/eetinis.131.11758","https://consensus.app/papers/artificial-intelligencedriven-early-prediction-of-vo-le/01a9250db62c568393bf6c14794bcc0d/"
"Early Warning System for Student Dropout Risk Using Behavioral Analytics, Explainable AI, and Hybrid Machine Learning Models","The AI-driven Early Warning System (EWS) accurately predicts student dropout risk with 94% prediction accuracy, improving early intervention and retention in higher education institutions.","Arvind Bagale",2026,0,"Student dropout and academic underperformance remain critical challenges in higher education institutions.
Traditional attendance-based monitoring systems fail to provide early warning signals for identifying at-risk students. This paper
proposes an AI-driven Early Warning System (EWS) that integrates behavioral analytics, IoT-based attendance data, and hybrid
machine learning models for accurate student risk prediction.
The proposed system utilizes Random Forest, XGBoost, and LSTM models to analyze multi-dimensional student data and
classify students into risk categories. To enhance transparency, Explainable AI (SHAP) is employed to interpret model
predictions and identify key contributing factors. A dynamic risk scoring mechanism is introduced for real-time student
monitoring.
Experimental results demonstrate that the proposed system achieves 94% prediction accuracy, outperforming traditional
methods. The system enables early intervention, improves student retention, and supports data-driven academic decision-making.","theoretical, modeling, or simulation study","International Journal for Research in Applied Science and Engineering Technology","","10.22214/ijraset.2026.82568","https://consensus.app/papers/early-warning-system-for-student-dropout-risk-using-bagale/6b0988b4f9ba56f6af90ce9bc28287f4/"
"A Machine Learning-Based Comparative Framework for Student Dropout Prediction with Risk Stratification and Early Warning System","The MLP model outperforms other models in predicting student dropout risk, with failure, internal mark, and absence being key predictors.","V. Asha, N. M. Devi, N. Sukanya, Diksha Dhiman, Jyothi N Sarasambi, K. Harshitha",2026,0,"This paper proposes a machine learning framework that utilizes a simulation generated academic and behavioral data, but with realistic characteristics, to predict student dropout risk. Because of ethical and logistical restrictions in gaining access to institutional student records, a simulation dataset of 5,000 student records is created in the study, in a transparent way. The dropout risk target is calculated using a weighted scoring function on such features as failures, absences, study time, and internal academic marks (G1, G2), with controlled stochastic perturbation added to ensure that there is no deterministic leakage of the label. This design decision is explicitly recognized as a methodological restriction and the paper restricts its claims to the simulation context.Random Forest, XGBoost and Multi-Layer Perceptron Artificial Neural Network are compared. The models are tested on several train-test split ratios (20%-80%) and tested by 5-fold cross validation. The following measurements are used to evaluate the performance: Precision, Accuracy, F1-Score, and Recall. The overall best performance (Accuracy: 0.975, F1: 0.915) is seen with MLP followed by XGBoost and Random Forest. Failure, internal mark (G2) and absence are the most important predictors identified by using the feature importance analysis. A rule-based early warning system linked to a threetiered risk classification (Low, Medium, High), which suggests interventions to take, has been incorporated. This study offers a replicable pipeline that can be applied in a real-world setting after obtaining institutional data and ethical approvals, and is interpretable.","theoretical, modeling, or simulation study","2026 International Conference on Advanced Computing and Knowledge Engineering (ICACKE)","","10.1109/icacke65470.2026.11651122","https://consensus.app/papers/a-machine-learningbased-comparative-framework-for-asha-devi/915aa724314a5c39877ce9e38246de11/"
"A Portable, Generalizable Machine Learning Framework for Long-Term Student Dropout Prediction","This study proposes a portable, generalizable machine-learning framework for long-term student dropout prediction, addressing limitations in prediction horizons, first-year focus, class imbalance, and interpretability.","J. Kwon",2026,4,"Student dropout undermines both student success and institutional performance. In recent years, various machine-learning models have been developed to predict dropout risk in higher education; however, existing studies remain constrained by four major gaps: (i) limited prediction horizons, (ii) first-year focus, (iii) inadequate handling of class imbalance, and (iv) lack of calibrated interpretability. To overcome these limitations, this study proposes a portable, generalizable machine-learning framework for long-term dropout prediction that systematically integrates modular components addressing each gap. Specifically, (i) rolling multi-semester windows generate horizon-specific targets several semesters in advance, (ii) an all-cohort student–semester dataset eliminates the first-year restriction by representing every enrolled cohort, (iii) a resampling–threshold optimization coupling mitigates class imbalance to improve sensitivity to rare events, and (iv) probability calibration with SHAP (SHapley Additive exPlanations)-based interpretability ensures reliable and transparent model outputs. Empirical evaluation on a university registry dataset demonstrates that the framework produces well-calibrated, temporally stable, and interpretable dropout-risk estimates. Because it relies solely on ubiquitous registry variables and off-the-shelf algorithms, the framework is designed to be portable and generalizable across higher-education institutions and suitable for integration into early-warning systems that support timely, data-driven student advising.","","IEEE Access","1","10.1109/access.2026.3666870","https://consensus.app/papers/a-portable-generalizable-machine-learning-framework-for-kwon/c45468e2d6ed58bab161307f530ca1f4/"
"An explainable machine learning framework for academic stress classification among university students: a comparative multi-dataset study with ablation analysis and statistical significance testing","The proposed machine learning framework improves academic stress classification among university students, addressing class imbalance and providing a robust foundation for early stress detection and intervention systems.","A. Omarbekova, A. Nazyrova, G. Bekmanova, Zhanar Lamasheva, Albina Gibadullina, Assem Abdikarim",2026,0,"
 Academic stress among university students represents a major public health concern due to its detrimental effects on cognitive functioning, psychological well-being, and long-term academic performance. Although machine learning has increasingly been applied to stress prediction, existing studies commonly rely on single datasets, insufficiently address class imbalance, and provide limited model interpretability. This study proposes a comparative machine learning framework that integrates explainable artificial intelligence (XAI), ablation analysis, and statistical significance testing to improve the classification of student stress. Two complementary datasets were analysed. Dataset 1 included 777 university students aged 18–22 years with three stress-type categories (Eustress, Distress, and No Stress), while Dataset 2 comprised 1,100 records with 20 psychological, physiological, environmental, and academic features labelled according to three stress severity levels (Low, Medium, and High). Five supervised learning algorithms—Logistic Regression, Random Forest, Gradient Boosting, Support Vector Machine with a radial basis function kernel, and Multilayer Perceptron—were evaluated using 10-times repeated stratified 5-fold cross-validation. Severe class imbalance in Dataset 1 (91.4% Eustress) was addressed using the Synthetic Minority Over-sampling Technique (SMOTE), and its impact was quantified through a structured ablation study. Model performance differences were assessed using the Friedman test with post-hoc Nemenyi analysis, and SHAP was employed to provide global and class-specific model interpretability. The Friedman test demonstrated statistically significant differences among classifiers (
 χ
 ² = 68.97, *
 p
 * < 0.001), with
 post-hoc
 analysis identifying Random Forest and Logistic Regression as the statistically superior-performing models. Random Forest achieved the highest overall classification accuracy (0.8909) and the lowest log loss (0.2057), whereas Logistic Regression produced the highest discriminative performance (AUC-ROC = 0.9853). The ablation study confirmed that SMOTE substantially improved minority-class prediction performance. SHAP analysis identified blood pressure, sleep quality, teacher–student relationship, and academic performance as the most influential predictors of overall stress severity, while self-esteem, sleep quality, bullying, and anxiety level were the strongest contributors to the High Stress class. The proposed framework provides a reproducible, interpretable, and statistically validated approach for multi-class stress classification among university students. By combining class imbalance correction, rigorous comparative evaluation, explainable artificial intelligence, and statistical validation, the framework addresses important methodological limitations of previous studies and offers a robust foundation for the development of early stress detection and intervention systems in higher education.
","theoretical, modeling, or simulation study","Frontiers in Computer Science","1","10.3389/fcomp.2026.1886274","https://consensus.app/papers/an-explainable-machine-learning-framework-for-academic-omarbekova-nazyrova/6ce0f05ed62a5aad80b46695b25cd9c3/"
"Explainable machine learning for early classification of middle school student performance","CatBoost, an interpretable machine learning framework, effectively predicts middle school student performance, aiding educators in identifying at-risk students and targeting support.","Khalifa Mansouri",2026,1,"Identifying students at risk of academic underperformance early is a longstanding difficulty for school systems, and the difficulty is sharpest where socioeconomic inequality is severe. This study presents an interpretable machine learning framework for predicting academic outcomes in middle school. The framework was developed on a dataset of 561,538 student records. Preprocessing, feature engineering, and stratified sampling were used to keep the sample representative across subgroups, and class imbalance was handled through class weighting during training together with threshold tuning for each outcome category. Several algorithms were compared, and model selection relied on the Borda Count method, which aggregates each model's ranking across multiple evaluation metrics instead of privileging a single criterion. CatBoost performed best on the test set, with a balanced accuracy of 88.8%, MCC of 70.6%, G-Mean of 88.7%, and F1-score of 91.4%. Explainable AI (XAI) techniques were then applied so that predictions can be interpreted at the global and individual levels. Assessment and examination scores were the strongest predictors of outcomes; poverty and class size mattered too, though less. The practical use of the framework is straightforward: making the model's reasoning visible lets educators and administrators flag at-risk students earlier and direct support to the schools and students most affected by socioeconomic disadvantages.","theoretical, modeling, or simulation study","Frontiers in Education","2","10.3389/feduc.2026.1877184","https://consensus.app/papers/explainable-machine-learning-for-early-classification-of-mansouri/85b3d3f3f4d25bf9a9ae6c5382198d81/"
"Early detection of at-risk health sciences students: a machine learning-based predictive study using midterm grades","Machine learning models can effectively identify at-risk health sciences students in the UAE using midterm grades, supporting timely academic interventions.","Reem A. M. Al Hashmi, I. Ozturk, Hussein M. Elmehdi",2025,8,"Background: Early identification of students at academic risk is critical in health sciences education, particularly in regions prioritizing healthcare workforce development. This study evaluated the application of established machine learning (ML) classifiers as a regional case study in the United Arab Emirates (UAE), using first-term midterm performance as early, formative assessment indicators of academic integration and student persistence.

Methods: Academic records from 346 first-year students across seven programs were analyzed. All students were enrolled in three common courses: Biology, English for Medical Sciences, and Introduction to Health Sciences. Five supervised ML models (XGBoost, Random Forest, Logistic Regression, Gradient Boosting Machine (GBM), and Naïve Bayes) were trained using Random Over-Sampling Examples (ROSE) with five-fold cross-validation. Model performance was assessed with F1-scores and area under the curve (AUC). Interpretability was examined via variable-importance plots and Shapley Additive exPlanations (SHAP) for XGBoost.

Results: XGBoost and Logistic Regression showed the highest performance (F1 = 0.84; AUC > 0.91). Midterm scores in Biology and Introduction to Health Sciences were consistently the strongest predictors, and SHAP analyses indicated they had the largest case-level impact on risk predictions.

Conclusions: Findings demonstrate the feasibility of using midterm grades as early, pedagogically meaningful indicators to identify at-risk students in a UAE health sciences context. While limited in scope to one cohort and institution, the study provides regionally relevant evidence to support timely academic interventions. Future research should include behavioral and psychosocial predictors and validate across multiple cohorts and institutions.

Trial registration: Not applicable.

© 2025. The Author(s).","theoretical, modeling, or simulation study","BMC Medical Education","1","10.1186/s12909-025-08192-6","https://consensus.app/papers/early-detection-of-atrisk-health-sciences-students-a-hashmi-ozturk/51b30b07b2b459c8833f00af71eb7311/"
"Interpretable Dropout Prediction: Towards XAI-Based Personalized Intervention","Interpretable machine learning and explainable artificial intelligence tools can improve dropout prediction in higher education by providing explanations, enabling personalized interventions like remedial courses and tutoring.","Marcell Nagy, Roland Molontay",2023,120,"Student drop-out is one of the most burning issues in STEM higher education, which induces considerable social and economic costs. Using machine learning tools for the early identification of students at risk of dropping out has gained a lot of interest recently. However, there has been little discussion on dropout prediction using interpretable machine learning (IML) and explainable artificial intelligence (XAI) tools.In this work, using the data of a large public Hungarian university, we demonstrate how IML and XAI tools can support educational stakeholders in dropout prediction. We show that complex machine learning models – such as the CatBoost classifier – can efficiently identify at-risk students relying solely on pre-enrollment achievement measures, however, they lack interpretability. Applying IML tools, such as permutation importance (PI), partial dependence plot (PDP), LIME, and SHAP values, we demonstrate how the predictions can be explained both globally and locally. Explaining individual predictions opens up great opportunities for personalized intervention, for example by offering the right remedial courses or tutoring sessions. Finally, we present the results of a user study that evaluates whether higher education stakeholders find these tools interpretable and useful.","","International Journal of Artificial Intelligence in Education","1","10.1007/s40593-023-00331-8","https://consensus.app/papers/interpretable-dropout-prediction-towards-xaibased-nagy-molontay/36a60fa1a4d45b15b073c6bc332d9450/"
"Framework for automatically suggesting remedial actions to help students at risk based on explainable ML and rule-based models","This paper develops a model that accurately predicts student performance and identifies factors contributing to it, helping low-performing students improve their academic metrics by implementing remedial actions.","Balqis Albreiki, T. Habuza, Nazar Zaki",2022,35,"Higher education institutions often struggle with increased dropout rates, academic underachievement, and delayed graduations. One way in which these challenges can potentially be addressed is by better leveraging the student data stored in institutional databases and online learning platforms to predict students’ academic performance early using advanced computational techniques. Several research efforts have focused on developing systems that can predict student performance. However, there is a need for a solution that can predict student performance and identify the factors that directly influence it. This paper aims to develop a model that accurately identifies students who are at risk of low performance, while also delineating the factors that contribute to this phenomenon. The model employs explainable machine learning (ML) techniques to delineate the factors that are associated with low performance and integrates rule-based model risk flags with the developed prediction system to improve the accuracy of performance predictions. This helps low-performing students to improve their academic metrics by implementing remedial actions that address the factors of concern. The model suggests proper remedial actions by mapping the students’ performance in each identified checkpoint with the course learning outcomes (CLOs) and topics taught in the course. The list of possible actions is mapped to this checkpoint. The developed model can accurately distinguish students at risk (total grade $$< 70\%$$ < 70 % ) from students with good performance. The Area under the ROC Curve (AUC ROC) of binary classification model fed with four checkpoints reached 1.0. Proposed framework may aid the student to perform better, increase the institution’s effectiveness and improve their reputations and rankings.","","International Journal of Educational Technology in Higher Education","1","10.1186/s41239-022-00354-6","https://consensus.app/papers/framework-for-automatically-suggesting-remedial-actions-albreiki-habuza/ae39447530c8511c935a8645cead5e7f/"
"Detecting At-Risk Students With Early Interventions Using Machine Learning Techniques","Machine learning techniques, particularly GBM, can effectively identify at-risk students in MOOCs, aiding instructors in providing intensive intervention support.","R. Al-Shabandar, A. Hussain, P. Liatsis, Robert Keight",2019,54,"Massive Open Online Courses (MOOCs) have shown rapid development in recent years, allowing learners to access high-quality digital material. Because of facilitated learning and the flexibility of the teaching environment, the number of participants is rapidly growing. However, extensive research reports that the high attrition rate and low completion rate are major concerns. In this paper, the early identification of students who are at risk of withdrew and failure is provided. Therefore, two models are constructed namely at-risk student model and learning achievement model. The models have the potential to detect the students who are in danger of failing and withdrawal at the early stage of the online course. The result reveals that all classifiers gain good accuracy across both models, the highest performance yield by GBM with the value of 0.894, 0.952 for first, second model respectively, while RF yield the value of 0.866, in at-risk student framework achieved the lowest accuracy. The proposed frameworks can be used to assist instructors in delivering intensive intervention support to at-risk students.","","IEEE Access","1","10.1109/access.2019.2943351","https://consensus.app/papers/detecting-atrisk-students-with-early-interventions-using-al-shabandar-hussain/6e5b705c40e55cdf8b6db80bedcd3f4b/"
"An Explainable Machine Learning Framework for Predicting Student Academic Outcomes in Higher Education","This study proposes an explainable machine learning framework for predicting student academic outcomes in higher education, aiding institutions in identifying at-risk students and implementing evidence-based interventions.","Mubashir Haruna, Abubakar Bello Bada, Ede Ifesinachi Chizzy, Abdulsalam Ibrahim Magawata, Abdullahi Usman Gulumbe",2026,0,"The increasing use of artificial intelligence
(AI) in higher education has opened up new possibilities for enhancing student
achievement through data-driven decision making and predictive analytics.
Higher education institutions can identify students who are at risk of academic
failure or dropout and undertake timely interventions to increase retention and
graduation rates by using early prediction of student academic outcomes.
However, many machine learning models employed for student outcome prediction
operate as black-box systems, limiting their transparency and reducing
stakeholders' confidence in their predictions. This study proposes an
explainable machine learning framework for predicting student academic outcomes
in higher education using the Predict Students' Dropout and Academic Success
dataset obtained from the UCI Machine Learning Repository. Five supervised
machine learning algorithms, Logistic Regression, Decision Tree, Random Forest,
XGBoost, CatBoost, and LightGBM were developed and evaluated for predicting
three academic outcome categories: Dropout, Enrolled, and Graduate. The
proposed framework provides an interpretable and effective decision-support
tool that can assist higher education institutions in identifying at-risk
students and implementing evidence-based academic interventions.","","Journal of Studies in Science and Mathematics Education","","10.67203/jossme.2026.szw46j1k","https://consensus.app/papers/an-explainable-machine-learning-framework-for-predicting-haruna-bada/ea7476fa27fe5c7d9a91c757441dd9d0/"
"A machine learning based framework for predictive school management using student and faculty analytics","This integrated machine learning system, combining deep learning, graph convolutional networks, and gradient boosting, accurately predicts student performance and at-risk student classification, outperforming state-of-the-art models.","Ming Yang, Zhe Li, Shao-Yan Liu",2026,3,"New technologies in education have created a huge amount of data that, when used effectively, can have a major impact on the functioning of an institution and the academic achievement of students. Nevertheless, all existing predictive models are still disconnected and do not integrate historical trends, student-faculty relationships, and trend patterns into a coherent decision-making system. The paper describes an integrated machine learning system that integrates several synergistic AI technologies: (1) deep learning systems (LSTM, GRU, CNN, and Transformers) to model academic growth over time; (2) comprehensible gradient boosting ensembles (XGBoost, LightGBM, and CatBoost) to understandably infer and analyze structured data. (3) graph convolutional networks (GCNs) to encode academic relationships between students, professors, and courses; and (4) data-centric oriented approaches (multitasking, transfer, and federated learning). The framework is tested on two UCI benchmark datasets (n = 649) with fully isolated holdout sets using strict nested cross-validation to prevent data leakage. The framework yields 99.6% and 97.5% predictive accuracy (5.6% and 6.3% improvement over the top baselines) and high recall (99.4% and 96.7%) in classifying at-risk students. Each component has been shown to contribute fully in ablation studies, and the hybrid framework has been shown to outperform state-of-the-art transformed table models (TabTransformer, FT-Transformer, and SAINT) (99.6% vs. 97.2% for the best transformer). Robustness analysis with feature noise and missing data (> 96% accuracy with 20% missing data) demonstrates excellent regression. Fairness assessment indicates that gender and age bias are very small, and mitigation strategies (reweighting, adversarial debiasing) bring the parental education gap down to 0.1%. Cross-domain experiments (mathematics/Portuguese) show a performance loss of -2.3%, indicating internal generalizability, but cross-institutional validation remains to be performed. This framework provides educators with interpretable, actionable insights into evidence-based interventions, demonstrating that for accurate, fair, and robust predictive educational analytics, multi-paradigm AI integration is essential and comprehensive.","theoretical, modeling, or simulation study","Scientific Reports","1","10.1038/s41598-026-47278-z","https://consensus.app/papers/a-machine-learning-based-framework-for-predictive-school-yang-li/a6046ef18e1e525f8c99ca357686c0b2/"
"A Deep Learning-Based Framework for Early Detection of Student Mental Health Risks","","Nan Zhang",2025,1,"In this paper, we propose a novel deep learning-based framework for the early identification of potential risks to college students' mental health, addressing the limitations of traditional static screening methods. The framework uses multimodal data for dynamic and comprehensive analysis, including psychological assessments, academic performance records, and digital behavioral trajectories. To identify subtle patterns associated with deteriorating mental health, the framework proposes a hierarchical cross-modal focusing mechanism. The mechanism models intra- and inter-modal feature dependencies. The framework employs a joint learning approach in order to train cross-agency collaborative models without sharing sensitive data to ensure scalability and privacy. The framework performs better than the baseline model with a 17.3% improvement in predictive power and detects mental health risks 2.8 weeks earlier than clinical diagnosis. This capability is particularly significant in educational settings, where early detection of mental health risks can help institutions provide timely interventions, reduce student dropout rates, and improve overall academic performance and campus well-being Experimental results show that the proposed method is effective in reducing false negatives while maintaining high sensitivity and specificity. The framework provides a scalable, accurate, and ethical solution for mental health monitoring in educational settings by integrating advanced attention mechanisms and privacy-preserving techniques","","Proceedings of the 10th International Conference on Cyber Security and Information Engineering","","10.1145/3759179.3760443","https://consensus.app/papers/a-deep-learningbased-framework-for-early-detection-of-zhang/891818fbfe0c561aa645936634588d6a/"
"A Comprehensive Machine Learning Framework for Students Performance Prediction and Early Academic Risk Identification","A machine-learning framework can predict student performance using academic, demographic, and behavioral characteristics, aiding early intervention and improving student outcomes.","S. Patil",2026,0,"The rise of digital learning systems has produced massive amounts of data related to students. Using this data to make
predictions via analytics may be used to assist with early intervention and improve student outcomes. This paper introduces a
conceptual idea on developing a machine-learning framework to help predict student performance using academic,
demographic, and behavioral characteristics. The proposed framework will provide guidelines/requirements for conducting data
preprocessing, extracting features, and applying supervised learning techniques. The framework will also provide an opportunity
for researchers to use ensemble learning methods to create more accurate and reliable predictions. This research contributes to
educational data mining by providing a systematic, theory-driven perspective on predicting academic performance and providing
institutional support for decision making","theoretical, modeling, or simulation study","International Journal for Research in Applied Science and Engineering Technology","","10.22214/ijraset.2026.82734","https://consensus.app/papers/a-comprehensive-machine-learning-framework-for-students-patil/472906e469155ca8b01649387c89dec0/"
"Mental issues, internet addiction and quality of life predict burnout among Hungarian teachers: a machine learning analysis","Depression, insomnia, internet habits, and problematic internet usage are key predictors of burnout among Hungarian high-school teachers.","Gergely Fehér, Krisztián Kapus, A. Tibold, Z. Bankó, Gyula Berke, Boróka Gács, Imre Váradi, Rita Nyulas, A. Matuz",2024,15,"Background: Burnout is usually defined as a state of emotional, physical, and mental exhaustion that affects people in various professions (e.g. physicians, nurses, teachers). The consequences of burnout involve decreased motivation, productivity, and overall diminished well-being. The machine learning-based prediction of burnout has therefore become the focus of recent research. In this study, the aim was to detect burnout using machine learning and to identify its most important predictors in a sample of Hungarian high-school teachers.

Methods: The final sample consisted of 1,576 high-school teachers (522 male), who completed a survey including various sociodemographic and health-related questions and psychological questionnaires. Specifically, depression, insomnia, internet habits (e.g. when and why one uses the internet) and problematic internet usage were among the most important predictors tested in this study. Supervised classification algorithms were trained to detect burnout assessed by two well-known burnout questionnaires. Feature selection was conducted using recursive feature elimination. Hyperparameters were tuned via grid search with 10-fold cross-validation. Due to class imbalance, class weights (i.e. cost-sensitive learning), downsampling and a hybrid method (SMOTE-ENN) were applied in separate analyses. The final model evaluation was carried out on a previously unseen holdout test sample.

Results: Burnout was detected in 19.7% of the teachers included in the final dataset. The best predictive performance on the holdout test sample was achieved by random forest with class weigths (AUC = 0.811; balanced accuracy = 0.745, sensitivity = 0.765; specificity = 0.726). The best predictors of burnout were Beck's Depression Inventory scores, Athen's Insomnia Scale scores, subscales of the Problematic Internet Use Questionnaire and self-reported current health status.

Conclusions: The performances of the algorithms were comparable with previous studies; however, it is important to note that we tested our models on previously unseen holdout samples suggesting higher levels of generalizability. Another remarkable finding is that besides depression and insomnia, other variables such as problematic internet use and time spent online also turned out to be important predictors of burnout.

© 2024. The Author(s).","other","BMC Public Health","1","10.1186/s12889-024-19797-9","https://consensus.app/papers/mental-issues-internet-addiction-and-quality-of-life-feh%C3%A9r-kapus/bcb019c481195dd890fcbd854a13db7f/"
"A Machine Learning Framework for Student Retention Policy Development: A Case Study","This study presents a machine learning framework for predicting and visualizing students at risk of dropping out, using minimal data and Categorical Boosting for effective policy-making.","Sidika Hoca, Nazife Dimililer",2025,11,"Student attrition at tertiary institutions is a global challenge with significant personal and social consequences. Early identification of students at risk of dropout is crucial for proactive and preventive intervention. This study presents a machine learning framework for predicting and visualizing students at risk of dropping out. While most previous work relies on wide-ranging data from numerous sources such as surveys, enrolment, and learning management systems, making the process complex and time-consuming, the current study uses minimal data that are readily available in any registration system. The use of minimal data simplifies the process and ensures broad applicability. Unlike most similar research, the proposed framework provides a comprehensive system that not only identifies students at risk of dropout but also groups them into meaningful clusters, enabling tailored policy generation for each cluster through digital technologies. The proposed framework comprises two stages where the first stage identifies at-risk students using a machine learning classifier, and the second stage uses interpretable AI techniques to cluster and visualize similar students for policy-making purposes. For the case study, various machine learning algorithms—including Support Vector Classifier, K-Nearest Neighbors, Logistic Regression, Naïve Bayes, Artificial Neural Network, Random Forest, Classification and Regression Trees, and Categorical Boosting—were trained for dropout prediction using data available at the end of the students’ second semester. The experimental results indicated that Categorical Boosting with an F1-score of 82% is the most effective classifier for the dataset. The students identified as at risk of dropout were then clustered and a decision tree was used to visualize each cluster, enabling tailored policy-making.","","Applied Sciences","2","10.3390/app15062989","https://consensus.app/papers/a-machine-learning-framework-for-student-retention-policy-hoca-dimililer/d6f1718fa26252bcac9a4386d9bbb17d/"
"PREDICTING STUDENT PERFORMANCE CATEGORIES USING INTERPRETABLE MACHINE LEARNING FOR EARLY ACADEMIC QUALITY INTERVENTION","LightGBM is the strongest machine learning framework for predicting student performance categories, aiding early intervention planning in higher education.","S. Al-Sultan, Walid Karamti",2026,0,"Early identification of students at risk of weak academic performance is essential for effective support and quality assurance in higher education. However, many educational prediction studies rely on variables that are direct components of the final outcome, which may lead to information leakage and overly optimistic performance estimates. This study proposes an interpretable machine learning framework for predicting student performance categories using academic, demographic, behavioral, health, engagement, and support-related variables. The target variable is represented by five ordered categories: Poor, Needs Improvement, Satisfactory, Good, and Excellent. A signal-enhanced modeling subset consisting of 16,892 student records and 42 variables was constructed through a correlation-guided filtering process. To support realistic evaluation, direct outcome-score variables were removed from the main training setting. Data preprocessing included type-specific encoding, imputation, standardization, and SMOTENC balancing applied only to the training set. Random Forest, Gradient Boosting, and LightGBM were trained and compared. LightGBM achieved the strongest overall performance with 44.4% accuracy, 44.0% precision, 40.0% recall, 41.5% F1- score, and 72.2% multiclass AUC. The confusion matrix showed that most errors occurred between neighboring categories, suggesting that the model captured meaningful ordinal structure even when exact five-class classification remained difficult. SHAP analysis identified GPA, attendance rate, research involvement, high school GPA, access to academic resources, and entrance examination score as the most influential predictors. The proposed framework provides interpretable evidence that can support academic advisors, instructors, and quality units in early intervention planning.","theoretical, modeling, or simulation study","Advanced Information Technologies and Applications","","10.5121/csit.2026.1601106","https://consensus.app/papers/predicting-student-performance-categories-using-al-sultan-karamti/85a88b2232b354b383e440cdd05214e1/"
"Detection of Disengagement From Voluntary Quizzes: An Explainable Machine Learning Approach in Higher Distance Education","Machine learning algorithms can accurately detect student disengagement from voluntary quizzes in distance education with 91% accuracy, aiding in timely intervention design.","Behnam Parsaeifard, C. Imhof, Tansu Pancar, I. Comsa, Martin Hlosta, Nicole Bergamin, Per Bergamin",2025,3,"Students disengaging from their tasks can have serious long-term consequences, including academic dropout. This is particularly relevant for students in distance education. One way to measure the level of disengagement in distance education is to observe participation in nonmandatory exercises in different online courses. In this article, we detect student disengagement in the nonmandatory quizzes of three reference courses with 42 instances distributed in four semesters from a distance-based university. We carefully identified the most informative student log data that could be extracted and processed from Moodle. Then, nine machine learning algorithms were trained and compared to obtain the highest possible prediction accuracy. Using the SHapley Additive exPlanations method, we developed an explainable machine learning framework that allows practitioners to better understand the decisions of the trained algorithm. The experimental results show a balanced accuracy of 91%, where about 85% of disengaged students were correctly detected. On top of the highly predictive performance and explainable framework, we provide a discussion on how to design a timely intervention to minimize disengagement from voluntary tasks in online learning.","theoretical, modeling, or simulation study","IEEE Transactions on Learning Technologies","1","10.1109/tlt.2026.3668612","https://consensus.app/papers/detection-of-disengagement-from-voluntary-quizzes-an-parsaeifard-imhof/e4bdb86b78de59679201ef726f5dda9a/"
"Student Dropout Prediction Using Ensemble Learning with SHAP-Based Explainable AI Analysis","EASE-Predict, an ensemble learning framework with SHAP-based explainable AI, accurately predicts student dropout with 77.4% accuracy, providing educational institutions with actionable insights for evidence-based interventions.","Zi-Yang Liu, Xiang Zhou, Yijun Liu",2025,9,"Student dropout prediction is a critical challenge in higher education that requires accurate identification of at-risk students to enable timely interventions. This study presents EASE-Predict (Ensemble-SHAP Explainable Student Prediction), a comprehensive ensemble learning framework with SHAP-based explainable AI to predict student academic outcomes. We evaluated five machine learning algorithms (Random Forest, Gradient Boosting, Extra Trees, Logistic Regression, and SVM) and developed voting and stacking ensemble models on a dataset of 4,424 students with 36 features encompassing academic performance, socioeconomic factors, and demographic information.EASE-Predict achieved superior performance with 77.4% accuracy, representing a statistically significant improvement of 4.3 percentage points over the best individual model (Random Forest: 77.3%). The framework demonstrated exceptional class-specific discriminative performance with AUC scores of 0.930 for Graduate prediction (vs. 0.927 for best individual model), 0.821 for Enrolled students (vs. 0.794 for SVM), and 0.913 for Dropout identification (vs. 0.904 for individual models). Cross-validation results showed superior stability with the lowest performance variance (σ = 0.014 vs. σ = 0.0189 for Random Forest). SHAP explainability analysis quantified feature importance, revealing that second semester curricular units completion accounts for 60% of prediction influence, followed by tuition payment status (35%) and scholarship availability (12%).McNemar’s statistical tests confirmed that EASE-Predict’s performance improvements are statistically significant (p < 0.05) across all evaluation metrics.The framework maintains interpretability while achieving state-of-the-art accuracy, providing educational institutions with actionable insights for implementing evidence-based intervention strategies.","theoretical, modeling, or simulation study","Journal of Social Systems and Policy Analysis","","10.62762/jsspa.2025.321501","https://consensus.app/papers/student-dropout-prediction-using-ensemble-learning-with-liu-zhou/1659ec27032e5159b828b5a0c0543e1f/"
"Student Dropout Prediction in Higher Education: A Systematic Review of Machine Learning Methods and Risk Factors","Machine learning models can predict undergraduate student dropout in higher education, but future research should focus on cross-institutional designs, fairness, and evaluating interventions for effectiveness and fairness.","Gloria L. Lopez-Muñoz, Carolina González Serrano, Camilo Sanchez-Ferreira",2026,3,"Aim/Purpose: This study systematically reviews machine learning techniques for predicting undergraduate student dropout in higher education, identifies related risk factors, explores methodological gaps in Machine Learning (ML)-based dropout prediction, and outlines directions for future research and institutional implementation.

Background: Student dropout remains a persistent global challenge with significant academic and socioeconomic implications. Although many studies report high predictive accuracy for dropout models, there is still limited understanding of how these models operationalize educational theory, incorporate psychosocial and equity-related factors, and translate predictions into empirically validated interventions in real institutional settings.

Methodology: The review followed Kitchenham’s methodology and PRISMA 2020 guidelines, using a PICO-C framework focused on undergraduate higher education. Searches from 2019 to 2024 across eight databases yielded 301 records. After screening using predefined inclusion/exclusion criteria, double review with Cohen’s kappa, and a 16-criterion weighted quality assessment (including automated keyword checks), 75 studies met all quality and relevance thresholds.

Contribution: This systematic review synthesizes 75 quality‑assessed studies on ML‑based undergraduate dropout prediction, clarifying which algorithms currently dominate the field, which risk factors and theoretical frameworks are most frequently used, and where critical gaps remain in generalizability, equity, explainability, temporal modeling, and intervention validation. It is distinctive for its explicit quality‑weighting process, its focus on the actionability gap, and its mapping of emerging trends and outstanding needs in the field.

Findings: The systematic review shows rapid growth in dropout prediction research from 2019 to 2024, reflecting increased institutional awareness. Academic performance and engagement indicators are the most used risk factors in prediction models, whereas psychosocial factors (including self-efficacy, sense of belonging, motivation, and resilience) remain significantly underrepresented. Ensemble methods (particularly Random Forest and XGBoost) dominate the algorithm landscape, consistently achieving accuracies of around 86–88%. However, most studies rely on single-institution datasets, do not account for temporal changes, and rarely evaluate the impact or fairness of interventions triggered by predictions. These limitations reduce the generalizability, equity, and practical utility of ML-based predictive models in higher education.

Recommendations for Practitioners: Machine learning models should be viewed as decision-support tools, not standalone solutions. By combining predictive risk assessments with academic, financial, and engagement data, institutions can design multi-dimensional retention strategies, implement early-stage monitoring protocols, and establish clear intervention procedures that are evaluated for effectiveness and fairness.

Recommendation for Researchers: Researchers should move beyond single-institution, static models toward longitudinal, cross-institutional designs that incorporate temporal dynamics, transfer learning, and domain adaptation. Future studies should integrate psychosocial, motivational, and equity-oriented variables; systematically apply fairness-aware machine learning and explainability (XAI) techniques; and empirically evaluate whether predictive systems improve retention through controlled intervention studies.

Impact on Society: By clarifying how machine learning can reliably identify students at risk of dropout and exposing current limitations in fairness and implementation, this review supports the design of more equitable and effective retention policies in higher education. Improved early-warning systems and evidence-based interventions can reduce economic losses, mitigate social inequality, and enhance graduation rates, particularly in regions with historically high attrition.

Future Research: Future research should focus on cross-institutional benchmark datasets, longitudinal cohort studies, and models that adapt to diverse institutional and regional contexts. There is a pressing need for studies that integrate psychosocial and structural factors, evaluate fairness across vulnerable groups, apply explainability frameworks as standard practice, and link predictive models to experimentally tested intervention strategies, moving the field from predictive accuracy toward demonstrable educational impact.","systematic review","J. Inf. Technol. Educ. Res.","","10.28945/5776","https://consensus.app/papers/student-dropout-prediction-in-higher-education-a-lopez-mu%C3%B1oz-serrano/977808f01cd15705b3da10bc9495dce5/"
"An explainable machine learning framework for analyzing and predicting mental health problems among university students in Bangladesh","Machine learning methods can effectively predict mental health problems among university students in Bangladesh, with factors like sleep disturbance, cognitive complaints, and self-reported behavioral difficulties playing key roles.","Mst. Nilufar Yasmin, Mohammad Mizanur Rahman, Nusrat Ahmed, Amrin Binte Ahmed, Adisha Dulmini, Muhammad Khairul Alam, A. Rahman, Rumana Rois",2026,0,"Mental health problems (MHPs) among university students are an increasing public health concern globally, including in Bangladesh. While machine learning (ML) methods can capture complex patterns in mental health data, their application to non-probability, cross-sectional student samples requires cautious interpretation. This study applies an exploratory explainable ML framework to examine patterns of depression, anxiety, and stress within a high-symptom sample of Bangladeshi university students. A cross-sectional online survey was conducted among 424 students during a period of significant social and political unrest in July 2024. Within the study sample, high proportions of moderate-to-extremely severe symptoms were observed for depression (66.0%), anxiety (73.4%), and stress (52.4%), with substantial symptom overlap (48.1% meeting criteria for all three). Eight ML models were evaluated using repeated train-test splits and cross-validation. Support vector machine (SVM) models showed relatively stable performance for depression and stress prediction, while XGBoost demonstrated comparatively stronger discriminative ability for anxiety within the sample. Explainable ML analyses using SHAP and LIME indicated that features related to sleep disturbance, cognitive complaints, and self-reported behavioral difficulties contributed prominently to model predictions across outcomes. Academic discipline and internet addiction severity were more influential in anxiety-related predictions, whereas gender and university type showed greater relevance in depression-related models. The primary contribution of this study is methodological and exploratory, not predictive or clinical. These feature contributions reflect model behavior and overlapping symptom dimensions rather than independent or causal risk factors. Overall, this study demonstrates the feasibility of using explainable ML approaches for exploratory pattern recognition in student mental health data under exceptional contextual conditions, providing a transparent framework, benchmark performance metrics, and a methodological template for future research. The findings are exploratory and sample-specific and should not be interpreted as population-level prevalence estimates or deployable prediction tools.

© 2026. The Author(s).","other","Scientific Reports","1","10.1038/s41598-026-52351-8","https://consensus.app/papers/an-explainable-machine-learning-framework-for-analyzing-yasmin-rahman/ffdd51adf661553da1631a07b0bce49b/"
