Title,Takeaway,Authors,Year,Citations,Abstract,Study Type,Journal,Journal SJR Quartile,DOI,Consensus Link
"Artificial intelligence in orthopaedics: Clinical decision support, medical imaging, surgical planning, and outcome prediction","AI is revolutionizing orthopaedic practice by improving diagnostic accuracy, clinical decision-making, surgical planning, and postoperative monitoring, but its widespread adoption faces challenges.","Anirudh Dwajan, Dr. Manas Ranjan Patro, Amber Agarwal, Mary Lalhmingmawii",2026,1,"Artificial intelligence (AI) is increasingly transforming orthopaedic practice by enhancing diagnostic accuracy, clinical decision-making, surgical planning, and postoperative monitoring. Advances in computational modelling, imaging analysis, and predictive analytics now enable clinicians to process complex multimodal datasets derived from radiological imaging, clinical records, biomechanical parameters, and patient-reported outcomes. These technologies are being applied across multiple orthopaedic subspecialties, including trauma, spine surgery, arthroplasty, sports medicine, oncology, infection, and rehabilitation. AI-driven systems have demonstrated strong performance in fracture detection, implant assessment, tumour characterisation, infection diagnosis, and prediction of surgical outcomes, often matching or exceeding conventional analytical approaches. In operative settings, integration with robotics, navigation platforms, and augmented visualisation systems improves procedural precision, reproducibility, and intraoperative decision support. Predictive models also assist clinicians in risk stratification, patient selection, complication forecasting, and personalised rehabilitation planning. Despite these promising developments, widespread clinical implementation remains limited by challenges related to dataset variability, algorithm transparency, regulatory oversight, cost, and concerns regarding bias and data privacy. Ongoing multicentre validation studies, development of explainable computational frameworks, and global collaboration will be essential for safe and equitable adoption. AI is unlikely to replace orthopaedic clinicians but is expected to function as a powerful adjunct that enhances clinical judgement and supports precision-based musculoskeletal care. Continued technological refinement and responsible integration into clinical workflows will determine its long-term impact on patient outcomes and healthcare delivery.","literature review","World Journal of Clinical Cases","","10.12998/wjcc.v14.i17.120192","https://consensus.app/papers/artificial-intelligence-in-orthopaedics-clinical-dwajan-patro/06455aa630665a8e8e04229cf21cbc0f/"
"Artificial intelligence agents in orthopaedics: Concepts, capabilities and the road ahead","AI agents in orthopaedics can autonomously manage complex patient journeys, enhancing efficiency and patient outcomes, but must address implementation and ethical challenges.","F. Oettl, James A. Pruneski, Bálint Zsidai, Yinan Yu, Ting Cong, Robert Feldt, Philipp W. Winkler, M. Hirschmann, Kristian Samuelsson",2025,8,"Artificial intelligence (AI) is increasingly used in orthopaedics, yet current models are often limited to narrow, isolated tasks like analysing an X-ray or predicting a single outcome. This paper introduces AI agents-a new class of AI systems designed to overcome these limitations. Unlike traditional AI, agents can autonomously manage complex, multistep processes that mirror the complete patient journey. They can coordinate tasks from initial diagnosis and surgical scheduling to postoperative monitoring and rehabilitation, acting as intelligent assistants for clinical teams. This review explains what distinguishes AI agents from conventional AI, explores their potential applications in orthopaedic practice-including perioperative workflow optimisation, research acceleration and intelligent physician support-and discusses the significant implementation and ethical challenges that must be addressed. For the orthopaedic surgeon, understanding AI agents is becoming essential, as these systems offer a transformative potential to enhance efficiency, improve patient outcomes and shape the future of clinical leadership in a technologically advancing field. LEVEL OF EVIDENCE: Level V.

© 2025 The Author(s). Knee Surgery, Sports Traumatology, Arthroscopy published by John Wiley & Sons Ltd on behalf of European Society of Sports Traumatology, Knee Surgery and Arthroscopy.","","Knee Surgery, Sports Traumatology, Arthroscopy","1","10.1002/ksa.70109","https://consensus.app/papers/artificial-intelligence-agents-in-orthopaedics-concepts-oettl-pruneski/66c23f023e50547eb2d306f5a2c0a9ec/"
"The Application of Agentic Artificial Intelligence in Orthopaedics.","Agentic AI in orthopaedics is poised to transform the practice, but its success depends on human-machine collaboration and aligning computational precision with the enduring human art of restoring motion and health.","F. Billi, S. Bini",2026,2,"Background: Artificial intelligence (AI) in orthopaedics is shifting from passive interfaces in which a surgeon queries a large language model to an era of active participation in which a surgeon empowers a software platform to automate certain tasks on their behalf. The emerging new paradigm called agentic AI involves agents that move beyond decision support tools to becoming semi-autonomous collaborators in research, clinical, and rehabilitation tasks.

Purpose: The purpose of this review is to summarize how recent advances (April 2022 to October 2025) in automation, prediction, and augmentation agents are poised to transform the practice of orthopaedics; and to outline the conceptual, technical, and ethical foundations of this transition.

Recent findings: An agent is software that can process information and act independently to execute a set of defined tasks. It can seek knowledge, ask for help, deploy other software, and learn from its actions. Automation, prediction and augmentation agents can be leveraged in multi-agent and federated-learning architectures, working together to create coordinated ecosystems that can manage complex tasks and that improve with clinical use. Collectively, the output of such ecosystems is referred to as agentic AI. However, regulatory and ethical concerns underscore the need for transparency, equity, and the preservation of human agency within these frameworks.

Summary: Agentic AI marks a transition from passive tools that merely assist clinicians to autonomous systems that act alongside them. The success of this technology in orthopaedics will depend on the depth of human-machine collaboration they enable and how well they align computational precision with the enduring human art of restoring motion and health.

Copyright © 2026 by The Journal of Bone and Joint Surgery, Incorporated.","literature review","The Journal of bone and joint surgery. American volume","1","10.2106/jbjs.25.01497","https://consensus.app/papers/the-application-of-agentic-artificial-intelligence-in-billi-bini/a9c2a35b7a0f5715b35d697d8863f420/"
"Artificial Intelligence for Clinically Meaningful Outcome Prediction in Orthopedic Research: Current Applications and Limitations","AI models show promise for predicting clinically significant outcomes in orthopedic research, but methodological limitations need to be addressed for clinical deployment.","S. Jang, Jake Rosenstadt, Eugenia Lee, Kyle N. Kunze",2024,17,"Purpose of review: Patient-reported outcome measures (PROM) play a critical role in evaluating the success of treatment interventions for musculoskeletal conditions. However, predicting which patients will benefit from treatment interventions is complex and influenced by a multitude of factors. Artificial intelligence (AI) may better anticipate the propensity to achieve clinically meaningful outcomes through leveraging complex predictive analytics that allow for personalized medicine. This article provides a contemporary review of current applications of AI developed to predict clinically significant outcome (CSO) achievement after musculoskeletal treatment interventions.

Recent findings: The highest volume of literature exists in the subspecialties of total joint arthroplasty, spine, and sports medicine, with only three studies identified in the remaining orthopedic subspecialties combined. Performance is widely variable across models, with most studies only reporting discrimination as a performance metric. Given the complexity inherent in predictive modeling for this task, including data availability, data handling, model architecture, and outcome selection, studies vary widely in their methodology and results. Importantly, the majority of studies have not been externally validated or demonstrate important methodological limitations, precluding their implementation into clinical settings. A substantial body of literature has accumulated demonstrating variable internal validity, limited scope, and low potential for clinical deployment. The majority of studies attempt to predict the MCID-the lowest bar of clinical achievement. Though a small proportion of models demonstrate promise and highlight the utility of AI, important methodological limitations need to be addressed moving forward to leverage AI-based applications for clinical deployment.

© 2024. The Author(s), under exclusive licence to Springer Science+Business Media, LLC, part of Springer Nature.","literature review","Current Reviews in Musculoskeletal Medicine","1","10.1007/s12178-024-09893-z","https://consensus.app/papers/artificial-intelligence-for-clinically-meaningful-jang-rosenstadt/44e056c5793153838ca1989def17d342/"
"Wide range of applications for machine-learning prediction models in orthopedic surgical outcome: a systematic review","Machine learning prediction models in orthopedics are most commonly used for medical management, with spinal surgery being the most common subspecialty, but generally lack adequate calibration and decision-curve analysis reporting.","P. Ogink, O. Groot, A. Karhade, M. Bongers, F. C. Oner, J. Verlaan, J. Schwab",2021,65,"Background and purpose - Advancements in software and hardware have enabled the rise of clinical prediction models based on machine learning (ML) in orthopedic surgery. Given their growing popularity and their likely implementation in clinical practice we evaluated which outcomes these new models have focused on and what methodologies are being employed.Material and methods - We performed a systematic search in PubMed, Embase, and Cochrane Library for studies published up to June 18, 2020. Studies reporting on non-ML prediction models or non-orthopedic outcomes were excluded. After screening 7,138 studies, 59 studies reporting on 77 prediction models were included. We extracted data regarding outcome, study design, and reported performance metrics.Results - Of the 77 identified ML prediction models the most commonly reported outcome domain was medical management (17/77). Spinal surgery was the most commonly involved orthopedic subspecialty (28/77). The most frequently employed algorithm was neural networks (42/77). Median size of datasets was 5,507 (IQR 635-26,364). The median area under the curve (AUC) was 0.80 (IQR 0.73-0.86). Calibration was reported for 26 of the models and 14 provided decision-curve analysis.Interpretation - ML prediction models have been developed for a wide variety of topics in orthopedics. Topics regarding medical management were the most commonly studied. Heterogeneity between studies is based on study size, algorithm, and time-point of outcome. Calibration and decision-curve analysis were generally poorly reported.","systematic review","Acta Orthopaedica","1","10.1080/17453674.2021.1932928","https://consensus.app/papers/wide-range-of-applications-for-machinelearning-ogink-groot/0a4f5f9754745e9093aad67f42bac336/"
"Implementation of clinical decision support tools for treatment selection in knee osteoarthritis: a scoping review","Personalised decision aids for knee osteoarthritis show promise in supporting patient-centered decision-making, but their clinical utility is limited by limited transparency in model development and implementation.","Jodie A. Cochrane, Oliver Roberts, Karen Ribbons, Ross Clark, Hao-Pua Yong, T. Tan, Lynn Thwin, Ying-Ying Leung, M. H. Liow, B. Y. Tan, Michael Nilsson",2026,0,"Knee osteoarthritis (KOA) presents heterogeneous phenotypes, motivating a need for clinicians to deliver targeted therapies. There is a plethora of options that can be encompassed in KOA treatment regimes. Clinical decision support (CDS) tools that incorporate individual patient data have the capacity to tailor treatments to meet a patient's individual needs and assist with clinical decision-making. We aim to identify and evaluate CDS tools for individuals with KOA that use individualised prediction models to guide intervention decisions. A scoping review of the literature. A systematic search of six electronic databases, including Ovid Embase, Ovid Medline, Cochrane, CHINAL Ultimate, Scopus and Web of Science, was conducted for articles published between January 1, 2010 and May 17, 2024. Two reviewers independently screened articles and extracted data on study design, tool implementation and underlying prediction models. Eligible studies implemented personalised decision aids, designed to support clinical decisions regarding KOA interventions. The search yielded 5376 publications, of which 2445 were duplicates, leaving 2931 for screening. After title/abstract and full-text reviews, 14 studies were included in the final analysis, with one added through citation searching. Ten distinct decision aids were identified across the included studies. Most studies originated from the United States. Fewer than half of the decision aids included personalised information about non-surgical alternatives. Outcomes such as knee pain and physical function were the most commonly addressed, while psychosocial and financial impacts were rarely reported. Limited details were provided about the development and functionality of the underlying prediction models. Personalised decision aids for KOA show promise in supporting patient-centred decision-making. However, their clinical utility is constrained by limited transparency in model development and implementation. Future studies should emphasise the inclusion of non-surgical treatment options, early-stage KOA patients and personalised outcomes beyond pain and function to enhance their relevance and impact in clinical practice.

© The Author(s), 2026.","systematic review","Therapeutic Advances in Musculoskeletal Disease","1","10.1177/1759720x251407070","https://consensus.app/papers/implementation-of-clinical-decision-support-tools-for-cochrane-roberts/3b3650b6eaee50a4ad6168cd15260d2e/"
"Artificial intelligence in orthopedics: current applications, challenges, and future directions","Artificial intelligence in orthopedics shows promise, but its clinical impact depends on life-cycle governance, demonstrated net benefit, and reliability and implementation science over retrospective benchmark performance.","Sang Yoon Kim, Byung Sun Choi, Hyuk-Soo Han, D. Ro",2026,3,"Background: Artificial intelligence research in orthopedics has grown rapidly, yet a substantial gap remains between technical development and clinical translation. This narrative review summarizes current applications of artificial intelligence in orthopedic practice and highlights barriers to implementation.

Main body: Current work converges on three domains: machine learning for structured perioperative risk prediction, deep learning for standardized musculoskeletal imaging, and large language models for workflow and decision support. Applications such as automated fracture detection, Kellgren-Lawrence grading for osteoarthritis, and transfusion risk modeling are approaching clinical maturity. However, routine adoption is limited by algorithmic opacity, performance degradation in new clinical environments, and poor fit within existing workflows. We argue that progress should shift from increasing model complexity toward rigorous evaluation, including external validation on independent cohorts. In addition, probability calibration and uncertainty estimation are important for trustworthy risk communication. Future directions may include multimodal ""digital twin"" approaches that integrate electronic medical records, imaging phenotypes, and intraoperative data into patient-specific trajectories.

Conclusions: The clinical impact of artificial intelligence in orthopedics will depend on life-cycle governance and demonstrated net benefit, prioritizing reliability and implementation science over retrospective benchmark performance.

© 2026. The Author(s).","literature review","Knee Surgery & Related Research","1","10.1186/s43019-026-00317-5","https://consensus.app/papers/artificial-intelligence-in-orthopedics-current-kim-choi/fc35fa85504c5c24a423cbff7ae91a17/"
"Operative or Non-Operative Treatment is Predicted Accurately for Patients Who Have Hip Complaints Consulting an Orthopaedic Surgeon using Machine Learning Algorithms Trained with Pre-Hospital Acquired History-Taking Data.","Machine learning algorithms can accurately predict non-operative or operative treatment for patients with hip complaints, potentially optimizing healthcare resource usage.","W. van der Weegen, T. Warren, D. Das, R. Agricola, T. Timmers, M. Siebelt",2023,7,"","other","The Journal of arthroplasty","1","10.1016/j.arth.2023.11.022","https://consensus.app/papers/operative-or-nonoperative-treatment-is-predicted-weegen-warren/fd915545b0e759b58731f5021fb0b025/"
"SRS108 - Predicting patient-reported outcome measures and evaluating the impact of pre-operative comorbidities on outcomes of hip and knee arthroplasty using supervised machine learning","Machine learning models can predict clinically important improvement in hip and knee arthroplasty, with preoperative anxiety and depression linked to reduced likelihood of meaningful improvement.","Ibrahim Abdelrahman, Amr Selim, S. Davies, A. Roberts, Geraint Thomas, P. Cool",2026,0,"
 
 
 Machine learning (ML) is increasingly applied in orthopaedics for outcome prediction. This project aimed to develop and internally validate supervised ML models that predict clinically important improvement after primary hip and knee arthroplasty using NHS PROMs database, assess whether these data can reliably predict postoperative PROMs for policy making, and to evaluate the association of comorbidities with postoperative improvement.
 
 
 
 We analysed anonymised NHS England PROMs data from 2018/2019, including 37 725 hip and 43 639 knee replacements. Predictors included demographics, symptom duration, living arrangements, comorbidities, and baseline PROMs (Oxford Hip Score [OHS], Oxford Knee Score [OKS], EQ-5D-3L, and EQ-5D VAS). The primary outcome was OHS/OKS improvement, defined as ≥10 points or postoperative score ≥40. Five ML Models were tested with cross-validation.
 
 
 
 In hips, all models achieved high precision (0.91), recall (1.00), and F1 (0.95). ROC-AUC values ranged 0.67–0.70. For knees, precision was 0.81–0.82, recall 0.99–1.00, and F1 0.89–0.90, with ROC-AUC 0.64–0.66. SHAP analysis identified key predictors: pre-disability, baseline OHS, and limping for hips; and baseline OKS score, EQ-VAS, and disability for knees.
 
 
 
 ML models predicted hip outcomes moderately well but had lower discrimination for knees. The NHS PROMs dataset shows potential for ML and policy applications, though data quality improvements are needed, including standardised PROMs collection, better comorbidity coding, and separating unicompartmental from total knee outcomes. Preoperative anxiety and depression were linked with reduced likelihood of meaningful improvement and future studies should investigate the biological link underlying this correlation.
","theoretical, modeling, or simulation study","British Journal of Surgery","1","10.1093/bjs/znag018.105","https://consensus.app/papers/srs108-predicting-patientreported-outcome-measures-and-abdelrahman-selim/23534e7b406c5095b182358555a7d4d4/"
"Machine learning in knee arthroplasty: specific data are key—a systematic review","Machine learning models can accurately predict distinct outcomes in knee arthroplasty, but complex outcomes require specific input data and collaboration between surgeons and data scientists.","F. Hinterwimmer, Igor Lazic, C. Suren, M. Hirschmann, F. Pohlig, D. Rueckert, R. Burgkart, R. von Eisenhart-Rothe",2022,57,"Purpose: Artificial intelligence (AI) in healthcare is rapidly growing and offers novel options of data analysis. Machine learning (ML) represents a distinct application of AI, which is capable of generating predictions and has already been tested in different medical specialties with various approaches such as diagnostic applications, cost predictions or identification of risk factors. In orthopaedics, this technology has only recently been introduced and the literature on ML in knee arthroplasty is scarce. In this review, we aim to investigate which predictions are already feasible using ML models in knee arthroplasty to identify prerequisites for the effective use of this novel approach. For this reason, we conducted a systematic review of ML algorithms for outcome prediction in knee arthroplasty.

Methods: A comprehensive search of PubMed, Medline database and the Cochrane Library was conducted to find ML applications for knee arthroplasty. All relevant articles were systematically retrieved and evaluated by an orthopaedic surgeon and a data scientist on the basis of the PRISMA statement. The search strategy yielded 225 articles of which 19 were finally assessed as eligible. A modified Coleman Methodology Score (mCMS) was applied to account for a methodological evaluation.

Results: The studies presented in this review demonstrated fair to good results (AUC median 0.76/range 0.57-0.98), while heterogeneous prediction models were analysed: complications (6), costs (4), functional outcome (3), revision (2), postoperative satisfaction (2), surgical technique (1) and biomechanical properties (1) were investigated. The median mCMS was 65 (range 40-80) points.

Conclusion: The prediction of distinct outcomes with ML models applying specific data is already feasible; however, the prediction of more complex outcomes is still inaccurate. Registry data on knee arthroplasty have not been fully analysed yet so that specific parameters have not been sufficiently evaluated. The inclusion of specific input data as well as the collaboration of orthopaedic surgeons and data scientists are essential prerequisites to fully utilize the capacity of ML in knee arthroplasty. Future studies should investigate prospective data with specific and longitudinally recorded parameters.

Level of evidence: III.

© 2022. The Author(s).","systematic review","Knee Surgery, Sports Traumatology, Arthroscopy","1","10.1007/s00167-021-06848-6","https://consensus.app/papers/machine-learning-in-knee-arthroplasty-specific-data-are-hinterwimmer-lazic/8f3848214c835b1887495eec7da02dec/"
"Artificial intelligence in total and unicompartmental knee arthroplasty","AI/ML models in total and unicompartmental knee arthroplasty can improve patient-centered decision-making and outcome prediction by generating patient-specific risk models.","U. Longo, S. de Salvatore, Federica Valente, Mariajose Villa Corta, Bruno Violante, Kristian Samuelsson",2024,21,"The application of Artificial intelligence (AI) and machine learning (ML) tools in total (TKA) and unicompartmental knee arthroplasty (UKA) emerges with the potential to improve patient-centered decision-making and outcome prediction in orthopedics, as ML algorithms can generate patient-specific risk models. This review aims to evaluate the potential of the application of AI/ML models in the prediction of TKA outcomes and the identification of populations at risk.An extensive search in the following databases: MEDLINE, Scopus, Cinahl, Google Scholar, and EMBASE was conducted using the PIOS approach to formulate the research question. The PRISMA guideline was used for reporting the evidence of the data extracted. A modified eight-item MINORS checklist was employed for the quality assessment. The databases were screened from the inception to June 2022.Forty-four out of the 542 initially selected articles were eligible for the data analysis; 5 further articles were identified and added to the review from the PUBMED database, for a total of 49 articles included. A total of 2,595,780 patients were identified, with an overall average age of the patients of 70.2 years ± 7.9 years old. The five most common AI/ML models identified in the selected articles were: RF, in 38.77% of studies; GBM, in 36.73% of studies; ANN in 34.7% of articles; LR, in 32.65%; SVM in 26.53% of articles.This systematic review evaluated the possible uses of AI/ML models in TKA, highlighting their potential to lead to more accurate predictions, less time-consuming data processing, and improved decision-making, all while minimizing user input bias to provide risk-based patient-specific care.

© 2024. The Author(s).","systematic review","BMC Musculoskeletal Disorders","2","10.1186/s12891-024-07516-9","https://consensus.app/papers/artificial-intelligence-in-total-and-unicompartmental-longo-salvatore/185d07e998cf57c787b103c25d174114/"
"Application of Machine Learning to Improve Appropriateness of Treatment in an Orthopaedic Setting of Personalized Medicine","Machine learning models and decision trees can effectively predict patients who will not benefit from surgery, aiding in pre-surgical shared decision-making in personalized medicine.","F. Milella, Lorenzo Famiglini, G. Banfi, F. Cabitza",2022,12,"The rise of personalized medicine and its remarkable advancements have revealed new requirements for the availability of appropriate medical decision-making models. Computer science is an area that plays an essential role in the field of personalized medicine, where one of the goals is to provide algorithms and tools to extrapolate knowledge and improve the decision-support process. The minimum clinically important difference (MCID) is the smallest change in PROM scores that patients perceive as meaningful. Treatment that does not achieve the minimum level of improvement is considered inappropriate as well as a potential waste of resources. Using the MCID threshold to identify patients who fail to achieve the minimum change in PROM that results in a meaningful outcome may aid in pre-surgical shared decision-making. The decision tree algorithm is a method for extracting valuable information and providing further meaningful information to the domain expert that supports the decision-making. In the present study, different tools based on machine learning were developed. On the one hand, we compared three XGBoost models to predict the non-achievement of the MCID at six months post-operation in the SF-12 physical score. The prediction score threshold was set to 0.75 to provide three decision-making areas on the basis of the high confidence (HC) intervals; the minority class was re-balanced by weighting the positive class to penalize the loss function (XGBoost cost-sensitive), oversampling the minority class (XGBoost with SMOTE), and re-sampling the negative class (XGBoost with undersampling). On the other hand, we modeled the data through a decision tree (assessment tree), based on different complexity levels, to identify the hidden pattern and to provide a new way to understand possible relationships between the gathered features and the several outcomes. The results showed that all the proposed models were effective as binary classifiers, as they showed moderate predictive performance both regarding the minority or positive class (i.e., our targeted patients, those who will not benefit from surgery) and the negative class. The decision tree visualization can be exploited during the patient assessment status to better understand if those patients will benefit or not from the medical intervention. Both of these tools can come in handy for increasing knowledge about the patient's psychophysical state and for creating an increasingly specialized assessment of the individual patient.","theoretical, modeling, or simulation study","Journal of Personalized Medicine","2","10.3390/jpm12101706","https://consensus.app/papers/application-of-machine-learning-to-improve-milella-famiglini/77e45b50a8595435ae16818337d57df0/"
"Machine Learning Algorithms Predict Achievement of Clinically Significant Outcomes Following Orthopaedic Surgery: A Systematic Review.","Machine learning algorithms can predict clinically significant outcomes in spine, total joint arthroplasty, sports medicine, and shoulder surgery with fair to good performance, but less evidence is available for substantial clinical benefit and patient acceptable symptomatic state.","K. Kunze, Laura M. Krivicich, I. Clapp, B. Bodendorfer, Benedict U. Nwachukwu, J. Chahla, S. Nho",2021,52,"","systematic review","Arthroscopy : the journal of arthroscopic & related surgery : official publication of the Arthroscopy Association of North America and the International Arthroscopy Association","1","10.1016/j.arthro.2021.12.030","https://consensus.app/papers/machine-learning-algorithms-predict-achievement-of-kunze-krivicich/0c01f1456cc4567399e1e3b03bccf1a3/"
"Artificial Learning and Machine Learning Decision Guidance Applications in Total Hip and Knee Arthroplasty: A Systematic Review","AI/ML-based applications in total hip and knee arthroplasty can accurately predict postoperative complications, pain, and patient-reported outcomes, but are less accurate in predicting hospital readmissions and reoperations.","C. Lopez, Roshan P. Shah, H. Cooper, Jeffrey A. Geller",2021,66,"","systematic review","Arthroplasty Today","1","10.1016/j.artd.2021.07.012","https://consensus.app/papers/artificial-learning-and-machine-learning-decision-lopez-shah/a7da38f8e3415be2acecd7b56c761d4c/"
"Personalized Medicine Using Predictive Analytics: A Machine Learning-Based Prognostic Model for Patients Undergoing Hip Arthroscopy","This study successfully created a machine learning-based prognostic model for patients undergoing hip arthroscopy, aiding in shared decision making and contributing to personalized medicine.","B. Domb, Vivian W Ouyang, Cammille C. Go, J. Gornbein, Jacob Shapira, Mitchell B. Meghpara, David R. Maldonado, Ajay C. Lall, P. Rosinsky",2022,22,"Background: Personalized medicine models to predict outcomes of orthopaedic surgery are scarce. Many have required data that are only available postoperatively, mitigating their usefulness in preoperative decision making.

Purpose: To establish a method for predictive modeling to enable individualized prognostication and shared decision making based on preoperative patient factors using data from a prospective hip preservation registry.

Study design: Cohort study (Prognosis); Level of evidence, 2.

Methods: Preoperative data of 2415 patients undergoing hip arthroscopy for femoroacetabular impingement syndrome between February 2008 and November 2017 were retrospectively analyzed. Two machine-learning analyses were evaluated: Tree-structured survival analysis (TSSA) and Cox proportional hazards modeling for predicting time to event and for computing hazard ratios for survivorship after hip arthroscopy. The Fine-Gray model was similarly used for repeat hip arthroscopy. Variables were selected for inclusion using the minimum Akaike Information Criterion (AIC). The stepwise selection was used for the Cox and Fine-Gray models. A web-based calculator was created based on the final models.

Results: Prognostic models were successfully created using Cox proportional hazards modeling and Fine-Gray models for survivorship and repeat hip arthroscopy, respectively. The Harrell C-statistics of the Cox model calculators for survivorship after hip arthroscopy and the Fine-Gray model for repeat hip arthroscopy were 0.848 and 0.662, respectively. Using the AIC, 13 preoperative variables were identified as predictors of survivorship, and 6 variables were identified as predictors for repeat hip arthroscopy. In contrast, the TSSA model performed poorly, resulting in a Harrell C-statistic <0.6, rendering it inaccurate and not interpretable. A web-based calculator was created based on these models.

Conclusion: This study successfully created an institution-specific machine learning-based prognostic model for predictive analytics in patients undergoing hip arthroscopy. Prognostic models to predict survivorship and the need for repeat surgeries were both adapted into web-based tools to assist the physician with shared decision making. This prognostic model may be useful at other institutions after performing external validation. Additionally, this study may serve as proof of concept for a methodology for the development of patient-specific prognostic models. This methodology may be used to create other predictive analytics models in different realms of orthopaedic surgery, contributing to the evolution from evidence-based medicine to personalized medicine.","theoretical, modeling, or simulation study","The American Journal of Sports Medicine","1","10.1177/03635465221091847","https://consensus.app/papers/personalized-medicine-using-predictive-analytics-a-domb-ouyang/7fb1bc73e5e1564281514fd000f06d5a/"
"Systematic review of machine-learning models in orthopaedic trauma","Machine-learning models in orthopaedic trauma lack transparency and are at high risk of bias, highlighting the need for improved guidelines to boost confidence in their clinical application.","Hidde Dijkstra, T. D. de Groot, Olga Canta, Olivier Q. Groot, J. Oosterhoff, J. Doornberg",2024,23,"Aims: Machine-learning (ML) prediction models in orthopaedic trauma hold great promise in assisting clinicians in various tasks, such as personalized risk stratification. However, an overview of current applications and critical appraisal to peer-reviewed guidelines is lacking. The objectives of this study are to 1) provide an overview of current ML prediction models in orthopaedic trauma; 2) evaluate the completeness of reporting following the Transparent Reporting of a multivariable prediction model for Individual Prognosis Or Diagnosis (TRIPOD) statement; and 3) assess the risk of bias following the Prediction model Risk Of Bias Assessment Tool (PROBAST) tool.

Methods: A systematic search screening 3,252 studies identified 45 ML-based prediction models in orthopaedic trauma up to January 2023. The TRIPOD statement assessed transparent reporting and the PROBAST tool the risk of bias.

Results: A total of 40 studies reported on training and internal validation; four studies performed both development and external validation, and one study performed only external validation. The most commonly reported outcomes were mortality (33%, 15/45) and length of hospital stay (9%, 4/45), and the majority of prediction models were developed in the hip fracture population (60%, 27/45). The overall median completeness for the TRIPOD statement was 62% (interquartile range 30 to 81%). The overall risk of bias in the PROBAST tool was low in 24% (11/45), high in 69% (31/45), and unclear in 7% (3/45) of the studies. High risk of bias was mainly due to analysis domain concerns including small datasets with low number of outcomes, complete-case analysis in case of missing data, and no reporting of performance measures.

Conclusion: The results of this study showed that despite a myriad of potential clinically useful applications, a substantial part of ML studies in orthopaedic trauma lack transparent reporting, and are at high risk of bias. These problems must be resolved by following established guidelines to instil confidence in ML models among patients and clinicians. Otherwise, there will remain a sizeable gap between the development of ML prediction models and their clinical application in our day-to-day orthopaedic trauma practice.

© 2024 Dijkstra et al.","systematic review","Bone & Joint Open","1","10.1302/2633-1462.51.bjo-2023-0095.r1","https://consensus.app/papers/systematic-review-of-machinelearning-models-in-dijkstra-groot/df8cd023aa8b56a194ef2ee697139288/"
"Machine learning prediction models in orthopedic surgery: A systematic review in transparent reporting","Over 40% of machine learning prediction models in orthopedic surgery are at high risk of bias and over half incompletely report methods and performance measures.","O. Groot, P. Ogink, Amanda Lans, P. K. Twining, N. D. Kapoor, William H. DiGiovanni, B. Bindels, M. Bongers, J. Oosterhoff, A. Karhade, F. C. Oner, J. Verlaan, J. Schwab",2021,67,"Machine learning (ML) studies are becoming increasingly popular in orthopedics but lack a critically appraisal of their adherence to peer-reviewed guidelines. The objective of this review was to (1) evaluate quality and transparent reporting of ML prediction models in orthopedic surgery based on the transparent reporting of multivariable prediction models for individual prognosis or diagnosis (TRIPOD), and (2) assess risk of bias with the Prediction model Risk Of Bias ASsessment Tool. A systematic review was performed to identify all ML prediction studies published in orthopedic surgery through June 18th, 2020. After screening 7138 studies, 59 studies met the study criteria and were included. Two reviewers independently extracted data and discrepancies were resolved by discussion with at least two additional reviewers present. Across all studies, the overall median completeness for the TRIPOD checklist was 53% (interquartile range 47%-60%). The overall risk of bias was low in 44% (n = 26), high in 41% (n = 24), and unclear in 15% (n = 9). High overall risk of bias was driven by incomplete reporting of performance measures, inadequate handling of missing data, and use of small datasets with inadequate outcome numbers. Although the number of ML studies in orthopedic surgery is increasing rapidly, over 40% of the existing models are at high risk of bias. Furthermore, over half incompletely reported their methods and/or performance measures. Until these issues are adequately addressed to give patients and providers trust in ML models, a considerable gap remains between the development of ML prediction models and their implementation in orthopedic practice.

© 2021 The Authors. Journal of Orthopaedic Research® published by Wiley Periodicals LLC on behalf of Orthopaedic Research Society.","systematic review","Journal of Orthopaedic Research","1","10.1002/jor.25036","https://consensus.app/papers/machine-learning-prediction-models-in-orthopedic-surgery-groot-ogink/c31477dc4eba5e7c98c81951ee730174/"
"Artificial Intelligence in Orthopaedics: Clinical Performance, Limitations, and Translational Readiness—A Review","AI in orthopaedics shows promise in detecting bone fractures and improving preoperative planning, but its widespread use is limited by limited multicenter validation, dataset bias, algorithmic opacity, and immature regulatory frameworks.","W. Glinkowski, Antonina Spalińska, Agnieszka Wołk, Krzysztof Wołk",2026,7,"Background/Objectives: Musculoskeletal disorders and their surgical treatment significantly affect global disability, healthcare utilization, and costs. Artificial intelligence (AI) is a key enabler of data-driven musculoskeletal care. Their applications include diagnostic imaging, surgical planning, risk prediction, rehabilitation, and digital health ecosystems. This narrative review synthesizes current evidence on the use of AI in orthopaedics and musculoskeletal care across five areas: diagnostic imaging, surgical planning and intraoperative augmentation, predictive analytics and patient-reported outcomes, rehabilitation intelligence and teleorthopaedics, and system-level management. An additional task is to identify translational gaps and priorities for safe, ethical, and equitable implementation of AI. Methods: A structured narrative review was conducted using targeted searches in PubMed, Scopus, and Web of Science supplemented by semantic and citation-based explorations in Semantic Scholar, OpenAlex, and Google Scholar. The main search period was January 2019 to December 2025. The retrieved peer-reviewed articles were analyzed for clinical relevance to human musculoskeletal care, quantitative outcomes, and the translational implications of the results. From the broader pool of eligible publications, 40 clinically relevant studies were selected for detailed synthesis covering imaging, surgical planning, predictive modeling, rehabilitation, and system-level applications. Owing to the significant heterogeneity in the model architectures, datasets, and endpoints, the results were organized into five predefined thematic areas. Results: The most mature evidence is for AI-assisted detection of bone fractures on radiographs, identification of implants, and use of sizing templates in preoperative planning for arthroplasty, where deep learning systems have achieved expert-level diagnostic performance (e.g., fracture detection sensitivity of approximately 90% and specificity of approximately 92% and implant identification accuracy of 97-99%) and improved the accuracy of preoperative planning compared to conventional templating. AI-based planning increases the likelihood of reducing intraoperative corrections, shortening surgery time, reducing blood loss, and improving the final functional outcomes. Predictive models can support the stratification of risk for complications, rehospitalizations, and patient-reported outcomes, although external validation remains limited and is often single-center at this stage of research. Emerging applications in rehabilitation and teleorthopaedics, including sensor-based monitoring and learning systems integrated with Patient-Reported Outcome Measures (PROMs), are conceptually promising, but are mainly limited to feasibility or pilot studies. Conclusions: AI is beginning to influence musculoskeletal care, moving beyond pattern recognition toward integrated, patient-centered decision support throughout the perioperative and rehabilitation periods. Its widespread use remains constrained by limited multicenter validation, dataset bias, algorithmic opacity, and immature regulatory and governance frameworks. Future work should prioritize prospective multicenter impact studies, repeatable revalidation of local models, integration of PROM and teleorthopedic data with health learning systems, and adaptation to changing regulatory requirements to enable safe, ethical, effective, and equitable implementation in routine orthopedic practice.","systematic review","Journal of Clinical Medicine","1","10.3390/jcm15051751","https://consensus.app/papers/artificial-intelligence-in-orthopaedics-clinical-glinkowski-spali%C5%84ska/809c2851e6c8596a851661bb9693eb0b/"
"Using artificial intelligence to predict patient outcomes from patient-reported outcome measures: a scoping review","AI models using PROMs for patient outcome predictions show inconsistencies in conducting and reporting, reducing reproducibility and requiring external validation and stakeholder involvement for improved clinical practice.","Zuzanna Wójcik, Vania Dimitrova, L. Warrington, G. Velikova, K. Absolom",2025,17,"Purpose: This scoping review aims to identify and summarise artificial intelligence (AI) methods applied to patient-reported outcome measures (PROMs) for prediction of patient outcomes, such as survival, quality of life, or treatment decisions.

Introduction: AI models have been successfully applied to predict outcomes for patients using mainly clinically focused data. However, systematic guidance for utilising AI and PROMs for patient outcome predictions is lacking. This leads to inconsistency of model development and evaluation, limited practical implications, and poor translation to clinical practice.

Materials and methods: This review was conducted across Web of Science, IEEE Xplore, ACM, Digital Library, Cochrane Central Register of Controlled Trials, Medline and Embase databases. Adapted search terms identified published research using AI models with patient-reported data for outcome predictions. Papers using PROMs data as input variables in AI models for prediction of patient outcomes were included.

Results: Three thousand and seventy-seven records were screened, 94 of which were included in the analysis. AI models applied to PROMs data for outcome predictions are most commonly used in orthopaedics and oncology. Poor reporting of model hyperparameters and inconsistent techniques of handling class imbalance and missingness in data were found. The absence of external model validation, participants' ethnicity information and stakeholders involvement was common.

Conclusion: The results highlight inconsistencies in conducting and reporting of AI research involving PROMs in patients' outcomes predictions, which reduces the reproducibility of the studies. Recommendations for external validation and stakeholders' involvement are given to increase the opportunities for applying AI models in clinical practice.

© 2025. The Author(s).","systematic review","Health and Quality of Life Outcomes","1","10.1186/s12955-025-02365-z","https://consensus.app/papers/using-artificial-intelligence-to-predict-patient-w%C3%B3jcik-dimitrova/0a0801e098665f78a1ba31ba6eb140e5/"
"Availability and reporting quality of external validations of machine-learning prediction models with orthopedic surgical outcomes: a systematic review","Most current predictive machine learning models in orthopedics are not externally validated, and the available external validation studies have incomplete reporting, limiting transparent examination of model performance.","O. Groot, B. Bindels, P. Ogink, N. D. Kapoor, P. K. Twining, A. Collins, M. Bongers, Amanda Lans, J. Oosterhoff, A. Karhade, J. Verlaan, J. Schwab",2021,65,"Background and purpose - External validation of machine learning (ML) prediction models is an essential step before clinical application. We assessed the proportion, performance, and transparent reporting of externally validated ML prediction models in orthopedic surgery, using the Transparent Reporting for Individual Prognosis or Diagnosis (TRIPOD) guidelines.Material and methods - We performed a systematic search using synonyms for every orthopedic specialty, ML, and external validation. The proportion was determined by using 59 ML prediction models with only internal validation in orthopedic surgical outcome published up until June 18, 2020, previously identified by our group. Model performance was evaluated using discrimination, calibration, and decision-curve analysis. The TRIPOD guidelines assessed transparent reporting.Results - We included 18 studies externally validating 10 different ML prediction models of the 59 available ML models after screening 4,682 studies. All external validations identified in this review retained good discrimination. Other key performance measures were provided in only 3 studies, rendering overall performance evaluation difficult. The overall median TRIPOD completeness was 61% (IQR 43-89), with 6 items being reported in less than 4/18 of the studies.Interpretation - Most current predictive ML models are not externally validated. The 18 available external validation studies were characterized by incomplete reporting of performance measures, limiting a transparent examination of model performance. Further prospective studies are needed to validate or refute the myriad of predictive ML models in orthopedics while adhering to existing guidelines. This ensures clinicians can take full advantage of validated and clinically implementable ML decision tools.","systematic review","Acta Orthopaedica","1","10.1080/17453674.2021.1910448","https://consensus.app/papers/availability-and-reporting-quality-of-external-groot-bindels/c5d395c0a6085c0e9be0b04fc13393d4/"
"Artificial Intelligence and Musculoskeletal Surgical Applications","AI-assisted procedures in orthopedic surgery improve precision, efficiency, and patient outcomes while maintaining human clinical expertise.","F. Oettl, Bálint Zsidai, Jacob F. Oeding, K. Samuelsson",2025,19,"Artificial intelligence (AI) has emerged as a transformative force in orthopedic surgery. Potentially encompassing pre-, intra-, and postoperative processes, it can process complex medical imaging, provide real-time surgical guidance, and analyze large datasets for outcome prediction and optimization. AI has shown improvements in surgical precision, efficiency, and patient outcomes across orthopedic subspecialties, and large language models and agentic AI systems are expanding AI utility beyond surgical applications into areas such as clinical documentation, patient education, and autonomous decision support. The successful implementation of AI in orthopedic surgery requires careful attention to validation, regulatory compliance, and healthcare system integration. As these technologies continue to advance, maintaining the balance between innovation and patient safety remains crucial, with the ultimate goal of achieving more personalized, efficient, and equitable healthcare delivery while preserving the essential role of human clinical judgment. This review examines the current landscape and future trajectory of AI applications in orthopedic surgery, highlighting both technological advances and their clinical impact. Studies have suggested that AI-assisted procedures achieve higher accuracy and better functional outcomes compared to conventional methods, while reducing operative times and complications. However, these technologies are designed to augment rather than replace clinical expertise, serving as sophisticated tools to enhance surgeons' capabilities and improve patient care.

© The Author(s) 2025.","","HSS Journal®","1","10.1177/15563316251339596","https://consensus.app/papers/artificial-intelligence-and-musculoskeletal-surgical-oettl-zsidai/b710ae2742d4574ca049b9647b070dc5/"
"Predicting patient-reported outcomes following hip and knee replacement surgery using supervised machine learning","Supervised machine-learning implementations like extreme gradient boosting can provide better performance than linear models for predicting patient-reported outcomes after hip and knee replacement surgery.","Manuel B. Huber, Christoph F. Kurz, R. Leidl",2019,112,"Background: Machine-learning classifiers mostly offer good predictive performance and are increasingly used to support shared decision-making in clinical practice. Focusing on performance and practicability, this study evaluates prediction of patient-reported outcomes (PROs) by eight supervised classifiers including a linear model, following hip and knee replacement surgery.

Methods: NHS PRO data (130,945 observations) from April 2015 to April 2017 were used to train and test eight classifiers to predict binary postoperative improvement based on minimal important differences. Area under the receiver operating characteristic, J-statistic and several other metrics were calculated. The dependent outcomes were generic and disease-specific improvement based on the EQ-5D-3L visual analogue scale (VAS) as well as the Oxford Hip and Knee Score (Q score).

Results: The area under the receiver operating characteristic of the best training models was around 0.87 (VAS) and 0.78 (Q score) for hip replacement, while it was around 0.86 (VAS) and 0.70 (Q score) for knee replacement surgery. Extreme gradient boosting, random forests, multistep elastic net and linear model provided the highest overall J-statistics. Based on variable importance, the most important predictors for post-operative outcomes were preoperative VAS, Q score and single Q score dimensions. Sensitivity analysis for hip replacement VAS evaluated the influence of minimal important difference, patient selection criteria as well as additional data years. Together with a small benchmark of the NHS prediction model, robustness of our results was confirmed.

Conclusions: Supervised machine-learning implementations, like extreme gradient boosting, can provide better performance than linear models and should be considered, when high predictive performance is needed. Preoperative VAS, Q score and specific dimensions like limping are the most important predictors for postoperative hip and knee PROMs.","theoretical, modeling, or simulation study","BMC Medical Informatics and Decision Making","1","10.1186/s12911-018-0731-6","https://consensus.app/papers/predicting-patientreported-outcomes-following-hip-and-huber-kurz/89d4e66bf53650cbb4cac79a73c6f004/"
"Arthrosis diagnosis and treatment recommendations in clinical practice: an exploratory investigation with the generative AI model GPT-4","ChatGPT-4 shows potential in diagnosing gonarthrosis and coxarthrosis and aligning treatment recommendations with orthopaedic specialists, but it is not meant to replace seasoned orthopaedic surgeons' expertise.","Stefano Pagano, Sabrina Holzapfel, T. Kappenschneider, Matthias Meyer, G. Maderbacher, Joachim Grifka, D. Holzapfel",2023,41,"Background: The spread of artificial intelligence (AI) has led to transformative advancements in diverse sectors, including healthcare. Specifically, generative writing systems have shown potential in various applications, but their effectiveness in clinical settings has been barely investigated. In this context, we evaluated the proficiency of ChatGPT-4 in diagnosing gonarthrosis and coxarthrosis and recommending appropriate treatments compared with orthopaedic specialists.

Methods: A retrospective review was conducted using anonymized medical records of 100 patients previously diagnosed with either knee or hip arthrosis. ChatGPT-4 was employed to analyse these historical records, formulating both a diagnosis and potential treatment suggestions. Subsequently, a comparative analysis was conducted to assess the concordance between the AI's conclusions and the original clinical decisions made by the physicians.

Results: In diagnostic evaluations, ChatGPT-4 consistently aligned with the conclusions previously drawn by physicians. In terms of treatment recommendations, there was an 83% agreement between the AI and orthopaedic specialists. The therapeutic concordance was verified by the calculation of a Cohen's Kappa coefficient of 0.580 (p < 0.001). This indicates a moderate-to-good level of agreement. In recommendations pertaining to surgical treatment, the AI demonstrated a sensitivity and specificity of 78% and 80%, respectively. Multivariable logistic regression demonstrated that the variables reduced quality of life (OR 49.97, p < 0.001) and start-up pain (OR 12.54, p = 0.028) have an influence on ChatGPT-4's recommendation for a surgery.

Conclusion: This study emphasises ChatGPT-4's notable potential in diagnosing conditions such as gonarthrosis and coxarthrosis and in aligning its treatment recommendations with those of orthopaedic specialists. However, it is crucial to acknowledge that AI tools such as ChatGPT-4 are not meant to replace the nuanced expertise and clinical judgment of seasoned orthopaedic surgeons, particularly in complex decision-making scenarios regarding treatment indications. Due to the exploratory nature of the study, further research with larger patient populations and more complex diagnoses is necessary to validate the findings and explore the broader potential of AI in healthcare.

Level of evidence: Level III evidence.

© 2023. The Author(s).","other","Journal of Orthopaedics and Traumatology : Official Journal of the Italian Society of Orthopaedics and Traumatology","1","10.1186/s10195-023-00740-4","https://consensus.app/papers/arthrosis-diagnosis-and-treatment-recommendations-in-pagano-holzapfel/107e568650af57938c18272f74d1d571/"
"Machine-learning-based patient-specific prediction models for knee osteoarthritis","Machine learning and data mining can improve patient-specific prediction models for knee osteoarthritis, leading to improved clinical decision-making and precision medicine.","Ali Jamshidi, J. Pelletier, J. Martel-Pelletier",2018,175,"Osteoarthritis (OA) is an extremely common musculoskeletal disease. However, current guidelines are not well suited for diagnosing patients in the early stages of disease and do not discriminate patients for whom the disease might progress rapidly. The most important hurdle in OA management is identifying and classifying patients who will benefit most from treatment. Further efforts are needed in patient subgrouping and developing prediction models. Conventional statistical modelling approaches exist; however, these models are limited in the amount of information they can adequately process. Comprehensive patient-specific prediction models need to be developed. Approaches such as data mining and machine learning should aid in the development of such models. Although a challenging task, technology is now available that should enable subgrouping of patients with OA and lead to improved clinical decision-making and precision medicine.","theoretical, modeling, or simulation study","Nature Reviews Rheumatology","1","10.1038/s41584-018-0130-5","https://consensus.app/papers/machinelearningbased-patientspecific-prediction-jamshidi-pelletier/ed4c802f04a8576592a546a7abfccb11/"
"Machine learning for predicting outcomes, complications and resource utilisation after hip arthroscopy: A systematic review.","Machine learning models in hip arthroscopy show variable performance in predicting outcomes and complications, with most studies reporting no significant difference to traditional regression.","Madison Lee, Vera Zakhari, A. Shanmugaraj, Lakshmanan Sivasundaram, N. Horner",2026,2,"Purpose: Machine learning (ML) algorithms are increasingly used to predict outcomes in orthopaedic surgery, but their utility in hip arthroscopy remains unclear. This study aimed to (1) evaluate ML models for predicting outcomes, complications, and resource use following hip arthroscopy, (2) compare ML performance to traditional statistical methods, and (3) critically appraise the quality of existing literature.

Methods: A systematic search of PUBMED, MEDLINE, EMBASE and the Cochrane Central Register of Controlled Trials was conducted on 4 April 2023. Included studies used ML models for clinical prediction in hip arthroscopy. Data on study design, outcomes, model development, validation and adherence to TRIPOD guidelines were extracted.

Results: Seventeen studies involving 37,549 patients (52.8% female; mean age 34.4 ± 6.1 years) were included. ML was used to predict clinical outcomes (47.1%), adverse events (47.1%) and resource utilisation (5.9%). The median area under the curve was 0.66 (range 0.5-0.94) for clinical outcomes and 0.7 (range 0.6-0.9) for adverse events. Resource utilisation was reported with a root-mean-square error of $3800, a logarithmic error of 0.2, and R² of 0.8. Only four studies compared ML to traditional regression; two found no difference, while two favoured ML. On average, studies met 12.3 of the 22 TRIPOD criteria, with only 29.4% meeting more than two-thirds.

Conclusion: ML models in hip arthroscopy show variable performance in predicting outcomes and complications. Furthermore, most studies comparing ML models to traditional regression did not report any significant difference. Lastly, variability in adherence to TRIPOD guidelines highlights the need for future studies to improve transparency and reporting in the development of ML algorithms for hip arthroscopy. Given the potential of ML models in enhancing clinical decision-making for hip arthroscopy, along with the findings of the current study, their application should be used with caution.

Level of evidence: Level IV, systematic review of level II-IV studies.

© 2026 European Society of Sports Traumatology, Knee Surgery and Arthroscopy.","systematic review","Knee surgery, sports traumatology, arthroscopy : official journal of the ESSKA","1","10.1002/ksa.70304","https://consensus.app/papers/machine-learning-for-predicting-outcomes-complications-lee-zakhari/a612e8e121955f0cb6a628a505966e12/"
"Evidence Based Gait Analysis Interpretation Tools (EB-GAIT) treatment recommendation and outcome prediction models to support decision-making based on clinical gait analysis data","EB-GAIT, a machine learning framework, can improve treatment outcomes and reduce surgeries in clinical gait analysis, offering a promising tool for precision medicine.","Michael H. Schwartz, Andrew G. Georgiadis",2025,3,"Clinical gait analysis (CGA) has historically relied on clinician experience and judgment, leading to modest, stagnant, and unpredictable outcomes. This paper introduces Evidence-Based Gait Analysis Interpretation Tools (EB-GAIT), a novel framework leveraging machine learning to support treatment decisions. The core of EB-GAIT consists of two key components: (1) treatment recommendation models, which are models that estimate the probability of specific surgeries based on historical standard-of-practice (SOP), and (2) treatment outcome models, which predict changes in patient characteristics following treatment or natural history. Using Bayesian Additive Regression Trees (BART), we developed and validated treatment recommendation models for 12 common surgeries that account for more than 95% of the surgery recorded in our CGA center's database. These models demonstrated high balanced accuracy, sensitivity, and specificity. We used Shapley values for the models to enhances interpretability and allow clinicians and patients to understand the factors driving treatment recommendations. We also developed treatment outcome models for over 20 common outcome measures. These models were found to be unbiased, with reliable prediction intervals and accuracy comparable to experimental measurement error. We illustrated the application of EB-GAIT through a case study, showcasing its utility in providing treatment recommendations and outcome predictions. We then use simulations to show that combining recommendation and outcome models offers the possibility to improve outcomes for treated limbs, maintain outcomes for untreated limbs, and reduce the number of surgeries performed. For example, under the counterfactual situation where femoral derotation osteotomies are administered only when they align with historical standard of practice (> 50% probability of surgery) and are predicted to improve the Gait Deviation Index (change > 7.5 points), the model predicts a 11 percentage point reduction in surgeries (26% limbs currently, 15% limbs simulated), a 6 point improvement in Gait Deviation Index among treated limbs (6 currently, 12 simulated), and no change in Gait Deviation Index for untreated limbs (2 currently, 2 simulated). EB-GAIT represents a significant step toward precision medicine in CGA, offering a promising tool to enhance treatment outcomes and patient care. The EB-GAIT approach addresses the limitations of the conventional CGA interpretation method, offering a more structured and data-driven decision-making process. EB-GAIT is not intended to replace clinical judgment but to supplement it, providing clinicians with a second opinion grounded in historical data and predictive analytics. While the models perform well, their effectiveness is constrained by historical variability in treatment decisions and the inherent complexity of patient outcomes. Future efforts should focus on refining model inputs, incorporating surgical details, and pooling data from multiple centers to improve generalizability.

Copyright: © 2025 Schwartz, Georgiadis. This is an open access article distributed under the terms of the Creative Commons Attribution License, which permits unrestricted use, distribution, and reproduction in any medium, provided the original author and source are credited.","theoretical, modeling, or simulation study","PLOS One","1","10.1371/journal.pone.0328036","https://consensus.app/papers/evidence-based-gait-analysis-interpretation-tools-ebgait-schwartz-georgiadis/8fab8a14b7515ef0b23a64d6b8c7f29b/"
"Artificial intelligence in diagnosis of knee osteoarthritis and prediction of arthroplasty outcomes: a review","Artificial intelligence shows promise in diagnosing knee osteoarthritis and predicting total knee arthroplasty outcomes, but further research is needed to overcome weaknesses and enhance reliability for routine healthcare settings.","Lok-Sze Lee, P. Chan, C. Wen, Wing-Chiu Fung, A. Cheung, V. W. Chan, M.-H. Cheung, H. Fu, C. Yan, Kwong-Yuen Chiu",2022,74,"Background: Artificial intelligence is an emerging technology with rapid growth and increasing applications in orthopaedics. This study aimed to summarize the existing evidence and recent developments of artificial intelligence in diagnosing knee osteoarthritis and predicting outcomes of total knee arthroplasty.

Methods: PubMed and EMBASE databases were searched for articles published in peer-reviewed journals between January 1, 2010 and May 31, 2021. The terms included: 'artificial intelligence', 'machine learning', 'knee', 'osteoarthritis', and 'arthroplasty'. We selected studies focusing on the use of AI in diagnosis of knee osteoarthritis, prediction of the need for total knee arthroplasty, and prediction of outcomes of total knee arthroplasty. Non-English language articles and articles with no English translation were excluded. A reviewer screened the articles for the relevance to the research questions and strength of evidence.

Results: Machine learning models demonstrated promising results for automatic grading of knee radiographs and predicting the need for total knee arthroplasty. The artificial intelligence algorithms could predict postoperative outcomes regarding patient-reported outcome measures, patient satisfaction and short-term complications. Important weaknesses of current artificial intelligence algorithms included the lack of external validation, the limitations of inherent biases in clinical data, the requirement of large datasets in training, and significant research gaps in the literature.

Conclusions: Artificial intelligence offers a promising solution to improve detection and management of knee osteoarthritis. Further research to overcome the weaknesses of machine learning models may enhance reliability and allow for future use in routine healthcare settings.

© 2022. The Author(s).","systematic review","Arthroplasty","1","10.1186/s42836-022-00118-7","https://consensus.app/papers/artificial-intelligence-in-diagnosis-of-knee-lee-chan/9421414558e351ea9d11aeb02cb00394/"
"What Is the Accuracy of Three Different Machine Learning Techniques to Predict Clinical Outcomes After Shoulder Arthroplasty?","Machine learning techniques can accurately predict clinical outcomes after shoulder arthroplasty and accurately risk-stratify patients, aiding in decision-making for improved outcomes.","Vikas Kumar, Christopher P. Roche, Steve Overman, Ryan W. Simovitch, P. Flurin, T. Wright, J. Zuckerman, Howard D. Routman, Ankur Teredesai",2020,65,"Background: Machine learning techniques can identify complex relationships in large healthcare datasets and build prediction models that better inform physicians in ways that can assist in patient treatment decision-making. In the domain of shoulder arthroplasty, machine learning appears to have the potential to anticipate patients' results after surgery, but this has not been well explored.

Questions/purposes: (1) What is the accuracy of machine learning to predict the American Shoulder and Elbow Surgery (ASES), University of California Los Angeles (UCLA), Constant, global shoulder function, and VAS pain scores, as well as active abduction, forward flexion, and external rotation at 1 year, 2 to 3 years, 3 to 5 years, and more than 5 years after anatomic total shoulder arthroplasty (aTSA) or reverse total shoulder arthroplasty (rTSA)? (2) What is the accuracy of machine learning to identify whether a patient will achieve clinical improvement that exceeds the minimum clinically important difference (MCID) threshold for each outcome measure? (3) What is the accuracy of machine learning to identify whether a patient will achieve clinical improvement that exceeds the substantial clinical benefit threshold for each outcome measure?

Methods: A machine learning analysis was conducted on a database of 7811 patients undergoing shoulder arthroplasty of one prosthesis design to create predictive models for multiple clinical outcome measures. Excluding patients with revisions, fracture indications, and hemiarthroplasty resulted in 6210 eligible primary aTSA and rTSA patients, of whom 4782 patients with 11,198 postoperative follow-up visits had sufficient preoperative, intraoperative, and postoperative data to train and test the predictive models. Preoperative clinical data from 1895 primary aTSA patients and 2887 primary rTSA patients were analyzed using three commercially available supervised machine learning techniques: linear regression, XGBoost, and Wide and Deep, to train and test predictive models for the ASES, UCLA, Constant, global shoulder function, and VAS pain scores, as well as active abduction, forward flexion, and external rotation. Our primary study goal was to quantify the accuracy of three machine learning techniques to predict each outcome measure at multiple postoperative timepoints after aTSA and rTSA using the mean absolute error between the actual and predicted values. Our secondary study goals were to identify whether a patient would experience clinical improvement greater than the MCID and substantial clinical benefit anchor-based thresholds of patient satisfaction for each outcome measure as quantified by the model classification parameters of precision, recall, accuracy, and area under the receiver operating curve.

Results: Each machine learning technique demonstrated similar accuracy to predict each outcome measure at each postoperative point for both aTSA and rTSA, though small differences in prediction accuracy were observed between techniques. Across all postsurgical timepoints, the Wide and Deep technique was associated with the smallest mean absolute error and predicted the postoperative ASES score to ± 10.1 to 11.3 points, the UCLA score to ± 2.5 to 3.4, the Constant score to ± 7.3 to 7.9, the global shoulder function score to ± 1.0 to 1.4, the VAS pain score to ± 1.2 to 1.4, active abduction to ± 18 to 21°, forward elevation to ± 15 to 17°, and external rotation to ± 10 to 12°. These models also accurately identified the patients who did and did not achieve clinical improvement that exceeded the MCID (93% to 99% accuracy for patient-reported outcome measures (PROMs) and 85% to 94% for pain, function, and ROM measures) and substantial clinical benefit (82% to 93% accuracy for PROMs and 78% to 90% for pain, function, and ROM measures) thresholds.

Conclusions: Machine learning techniques can use preoperative data to accurately predict clinical outcomes at multiple postoperative points after shoulder arthroplasty and accurately risk-stratify patients by preoperatively identifying who may and who may not achieve MCID and substantial clinical benefit improvement thresholds for each outcome measure.

Clinical relevance: Three different commercially available machine learning techniques were used to train and test models that predicted clinical outcomes after aTSA and rTSA; this device-type comparison was performed to demonstrate how predictive modeling techniques can be used in the near future to help answer unsolved clinical questions and augment decision-making to improve outcomes after shoulder arthroplasty.","theoretical, modeling, or simulation study","Clinical Orthopaedics & Related Research","1","10.1097/corr.0000000000001263","https://consensus.app/papers/what-is-the-accuracy-of-three-different-machine-learning-kumar-roche/d7f8f169aa5e54b697d5563f685ce407/"
"AI-Generated Antibiotic Therapies for Acute Periprosthetic Joint Infections with Implant Retention in Comparison with an Interdisciplinary Team","AI-generated antibiotic recommendations for periprosthetic joint infections show potential, but current incongruence with experienced interdisciplinary team recommendations hinder clinical implementation.","A. A. Zellner, Tamaradoubra Tippa Tuburu, Alexander Franz, Jonas Roos, F. Fröschen, G. Hischebeth",2025,2,"Background: Periprosthetic joint infections (PJI) represent a serious complication following joint arthroplasty and require, in addition to surgical intervention, a targeted antibiotic therapy. The aim of this study was to compare microbiological recommendations for the antibiotic treatment of fictitious PJI patients generated by an artificial intelligence (AI) system with those of an interdisciplinary team (IT) consisting of microbiologists and orthopedic surgeons. The differences between the recommendations suggested by AI and the IT were analyzed with regard to the suggested agents and duration of antibiotic therapy. Methods: Based on meta-analyses, a cohort of 100 fictitious patients with acute early- and acute late-onset PJI was created, reflecting the typical demographic data, comorbidities and pathogen profiles of such a population. This information was input into the AI system ChatGPT (OpenAI, GPT-5 ""Thinking mode"" accessed via ChatGPT Plus, San Francisco, CA, USA) to generate corresponding recommendations. The objective was to use these profiles to obtain recommendations for definitive antibiotic therapy, including daily dosage, intravenous and oral treatment durations. Simultaneously, the same fictitious patient data were reviewed by the IT to produce their own recommendations. Results: The results revealed both concordances and discrepancies in the selection of antibiotics. Notably, in cases involving multidrug-resistant organisms and more complex clinical scenarios, the AI-generated recommendations were incongruent with those of the IT, with estimated percentage agreement ranging from 0-33%. In straightforward clinical scenarios with monomicrobial infections, AI reached an estimated percentage agreement of up to 57% (95%-CI [0.47-0.67]). Furthermore, AI consistently recommended 12 weeks of therapy duration vs. six weeks usually recommended by the IT. Conclusions: The study provides important insights into the potential and limitations of AI-assisted decision-making models in orthopedic infection treatments. Consultation of AI is universally accessible at all times of day, which may offer a significant advantage in the future for the treatment of PJI. This kind of application will be of particular interest for institutions without in-house microbiology services. However, from our perspective, the current level of incongruence between the AI-generated recommendations and those of an experienced interdisciplinary team remains too high for this approach to be clinically implemented at this time. Furthermore, AI lacks transparency regarding the sources it uses to inform about its decision-making and therapeutic recommendations, currently carries no legal weight and clinical implementation is severely hindered by restrictive privacy laws regarding health care data.","meta-analysis","Antibiotics","1","10.3390/antibiotics15010025","https://consensus.app/papers/aigenerated-antibiotic-therapies-for-acute-zellner-tuburu/e473d892220d5c2098f180b27f291b08/"
"Machine Learning in Orthopedics: A Literature Review","Machine learning techniques have been successfully applied to orthopedic problems over the last two decades, with varying results based on the source data and the quality of their predictive performance.","F. Cabitza, A. Locoro, G. Banfi",2018,225,"In this paper we present the findings of a systematic literature review covering the articles published in the last two decades in which the authors described the application of a machine learning technique and method to an orthopedic problem or purpose. By searching both in the Scopus and Medline databases, we retrieved, screened and analyzed the content of 70 journal articles, and coded these resources following an iterative method within a Grounded Theory approach. We report the survey findings by outlining the articles' content in terms of the main machine learning techniques mentioned therein, the orthopedic application domains, the source data and the quality of their predictive performance.","systematic review","Frontiers in Bioengineering and Biotechnology","1","10.3389/fbioe.2018.00075","https://consensus.app/papers/machine-learning-in-orthopedics-a-literature-review-cabitza-locoro/7ad8d3bb3019557d82647a03530b9f10/"
"Clinical Decision Support Tools for Predicting Outcomes in Patients Undergoing Total Knee Arthroplasty: A Systematic Review.","Clinical decision support tools show promise in predicting total knee arthroplasty outcomes, but more research is needed to confirm their clinical applicability and interpretation.","Jodie A. Cochrane, Traci Flynn, A. Wills, F. Walker, M. Nilsson, Sarah Johnson",2020,16,"","systematic review","The Journal of arthroplasty","1","10.1016/j.arth.2020.10.053","https://consensus.app/papers/clinical-decision-support-tools-for-predicting-outcomes-cochrane-flynn/cb3389740d445a68919520b30eac9092/"
"Enabling Personalized Medicine in Orthopaedic Surgery Through Artificial Intelligence: A Critical Analysis Review.","AI in orthopaedic surgery holds potential for personalized medicine, enhancing patient care and outcomes, but requires addressing methodological and ethical limitations for widespread adoption.","Nickelas Huffman, Ignacio Pasqualini, Shujaa T. Khan, A. Klika, Matthew E. Deren, Yuxuan Jin, K. Kunze, N. Piuzzi",2024,23,"» The application of artificial intelligence (AI) in the field of orthopaedic surgery holds potential for revolutionizing health care delivery across 3 crucial domains: (I) personalized prediction of clinical outcomes and adverse events, which may optimize patient selection, surgical planning, and enhance patient safety and outcomes; (II) diagnostic automated and semiautomated imaging analyses, which may reduce time burden and facilitate precise and timely diagnoses; and (III) forecasting of resource utilization, which may reduce health care costs and increase value for patients and institutions.» Computer vision is one of the most highly studied areas of AI within orthopaedics, with applications pertaining to fracture classification, identification of the manufacturer and model of prosthetic implants, and surveillance of prosthesis loosening and failure.» Prognostic applications of AI within orthopaedics include identifying patients who will likely benefit from a specified treatment, predicting prosthetic implant size, postoperative length of stay, discharge disposition, and surgical complications. Not only may these applications be beneficial to patients but also to institutions and payors because they may inform potential cost expenditure, improve overall hospital efficiency, and help anticipate resource utilization.» AI infrastructure development requires institutional financial commitment and a team of clinicians and data scientists with expertise in AI that can complement skill sets and knowledge. Once a team is established and a goal is determined, teams (1) obtain, curate, and label data; (2) establish a reference standard; (3) develop an AI model; (4) evaluate the performance of the AI model; (5) externally validate the model, and (6) reinforce, improve, and evaluate the model's performance until clinical implementation is possible.» Understanding the implications of AI in orthopaedics may eventually lead to wide-ranging improvements in patient care. However, AI, while holding tremendous promise, is not without methodological and ethical limitations that are essential to address. First, it is important to ensure external validity of programs before their use in a clinical setting. Investigators should maintain high quality data records and registry surveillance, exercise caution when evaluating others' reported AI applications, and increase transparency of the methodological conduct of current models to improve external validity and avoid propagating bias. By addressing these challenges and responsibly embracing the potential of AI, the medical field may eventually be able to harness its power to improve patient care and outcomes.

Copyright © 2024 by The Journal of Bone and Joint Surgery, Incorporated.","literature review","JBJS reviews","1","10.2106/jbjs.rvw.23.00232","https://consensus.app/papers/enabling-personalized-medicine-in-orthopaedic-surgery-huffman-pasqualini/b39cce0eb403504b96bfb507fcbfce2b/"
"Machine Learning/Artificial Intelligence in Sports Medicine: State of the Art and Future Directions.","Machine learning techniques can accurately predict patient outcomes in orthopaedic sports medicine, but clinician familiarity with these methods remains a barrier to widespread adoption.","Ayoosh Pareek, D. Ro, J. Karlsson, R. K. Martin",2024,38,"","","Journal of ISAKOS : joint disorders & orthopaedic sports medicine","1","10.1016/j.jisako.2024.01.013","https://consensus.app/papers/machine-learningartificial-intelligence-in-sports-pareek-ro/5c7474b919085e9c866e3f4ed49e562e/"
"Decision curve analysis to evaluate the clinical benefit of prediction models","Decision curve analysis is a useful method to determine the clinical benefit of prediction models in orthopedic decision-making, aiding in informed decision-making.","A. Vickers, F. Holland",2021,330,"","literature review","The spine journal : official journal of the North American Spine Society","1","10.1016/j.spinee.2021.02.024","https://consensus.app/papers/decision-curve-analysis-to-evaluate-the-clinical-benefit-vickers-holland/cbb13a43f3d05e0697ea7b6705760771/"
"Using Machine Learning to Predict Clinical Outcomes After Shoulder Arthroplasty with a Minimal Feature Set.","Machine learning models with both full and minimal feature sets can accurately predict clinical outcomes after shoulder arthroplasty, improving decision-making during surgical consultations.","Vikas Kumar, Christopher P. Roche, Steve Overman, Ryan W. Simovitch, P. Flurin, T. Wright, J. Zuckerman, Howard D. Routman, Ankur Teredesai",2020,66,"","theoretical, modeling, or simulation study","Journal of shoulder and elbow surgery","1","10.1016/j.jse.2020.07.042","https://consensus.app/papers/using-machine-learning-to-predict-clinical-outcomes-after-kumar-roche/20705904395a548a8ff52667d9671687/"
"Can Machine Learning Algorithms Predict Which Patients Will Achieve Minimally Clinically Important Differences From Total Joint Arthroplasty?","Machine learning algorithms can predict 2-year postsurgical minimally clinically important differences in total joint arthroplasty patients, potentially improving clinical decision-making and patient care.","M. Fontana, S. Lyman, G. K. Sarker, D. Padgett, C. MacLean",2019,169,"Background: Identifying patients at risk of not achieving meaningful gains in long-term postsurgical patient-reported outcome measures (PROMs) is important for improving patient monitoring and facilitating presurgical decision support. Machine learning may help automatically select and weigh many predictors to create models that maximize predictive power. However, these techniques are underused among studies of total joint arthroplasty (TJA) patients, particularly those exploring changes in postsurgical PROMs. QUESTION/PURPOSES: (1) To evaluate whether machine learning algorithms, applied to hospital registry data, could predict patients who would not achieve a minimally clinically important difference (MCID) in four PROMs 2 years after TJA; (2) to explore how predictive ability changes as more information is included in modeling; and (3) to identify which variables drive the predictive power of these models.

Methods: Data from a single, high-volume institution's TJA registry were used for this study. We identified 7239 hip and 6480 knee TJAs between 2007 and 2012, which, for at least one PROM, patients had completed both baseline and 2-year followup surveys (among 19,187 TJAs in our registry and 43,313 total TJAs). In all, 12,203 registry TJAs had valid SF-36 physical component scores (PCS) and mental component scores (MCS) at baseline and 2 years; 7085 and 6205 had valid Hip and Knee Disability and Osteoarthritis Outcome Scores for joint replacement (HOOS JR and KOOS JR scores), respectively. Supervised machine learning refers to a class of algorithms that links a mapping of inputs to an output based on many input-output examples. We trained three of the most popular such algorithms (logistic least absolute shrinkage and selection operator (LASSO), random forest, and linear support vector machine) to predict 2-year postsurgical MCIDs. We incrementally considered predictors available at four time points: (1) before the decision to have surgery, (2) before surgery, (3) before discharge, and (4) immediately after discharge. We evaluated the performance of each model using area under the receiver operating characteristic (AUROC) statistics on a validation sample composed of a random 20% subsample of TJAs excluded from modeling. We also considered abbreviated models that only used baseline PROMs and procedure as predictors (to isolate their predictive power). We further directly evaluated which variables were ranked by each model as most predictive of 2-year MCIDs.

Results: The three machine learning algorithms performed in the poor-to-good range for predicting 2-year MCIDs, with AUROCs ranging from 0.60 to 0.89. They performed virtually identically for a given PROM and time point. AUROCs for the logistic LASSO models for predicting SF-36 PCS 2-year MCIDs at the four time points were: 0.69, 0.78, 0.78, and 0.78, respectively; for SF-36 MCS 2-year MCIDs, AUROCs were: 0.63, 0.89, 0.89, and 0.88; for HOOS JR 2-year MCIDs: 0.67, 0.78, 0.77, and 0.77; for KOOS JR 2-year MCIDs: 0.61, 0.75, 0.75, and 0.75. Before-surgery models performed in the fair-to-good range and consistently ranked the associated baseline PROM as among the most important predictors. Abbreviated LASSO models performed worse than the full before-surgery models, though they retained much of the predictive power of the full before-surgery models.

Conclusions: Machine learning has the potential to improve clinical decision-making and patient care by helping to prioritize resources for postsurgical monitoring and informing presurgical discussions of likely outcomes of TJA. Applied to presurgical registry data, such models can predict, with fair-to-good ability, 2-year postsurgical MCIDs. Although we report all parameters of our best-performing models, they cannot simply be applied off-the-shelf without proper testing. Our analyses indicate that machine learning holds much promise for predicting orthopaedic outcomes. LEVEL OF EVIDENCE: Level III, diagnostic study.","theoretical, modeling, or simulation study","Clinical Orthopaedics and Related Research","1","10.1097/corr.0000000000000687","https://consensus.app/papers/can-machine-learning-algorithms-predict-which-patients-fontana-lyman/ba7b631f1e32547d9d65691e8c192ace/"
"Machine learning models for clinical and structural knee osteoarthritis prediction: Recent advancements and future directions","Machine learning models have shown strong performance in predicting clinical, structural, and surgical outcomes in osteoarthritis research, offering potential for early intervention and surgical planning.","G. Joseph, C. McCulloch, M. Nevitt, N. Lane, S. Majumdar, T. M. Link",2025,16,"","literature review","Osteoarthritis and Cartilage Open","1","10.1016/j.ocarto.2025.100654","https://consensus.app/papers/machine-learning-models-for-clinical-and-structural-knee-joseph-mcculloch/1e3f10edff625bdcab0128314c411b95/"
"AI in physical rehabilitation of traumatological and orthopedic patients: existing technologies and their clinical effectiveness. A review","AI technologies have demonstrated real clinical value in predicting functional outcomes and predicting complications in trauma and orthopedic patients.","R. Nurlygayanov, L. T. Gilmutdinova, L. Marchenkova, J. A. Bogdanova, B. Gilmutdinov, A. R. Gilmutdinov, E. Faizova, Evgenia V. Semenova, D. Nurlygayanova",2026,0,"INTRODUCTION. Artificial intelligence (AI) and machine learning represent a promising approach in the rehabilitation of trauma and orthopedic patients. The integration of predictive models and adaptive algorithms into rehabilitation practices enables personalized rehabilitation treatment and improves functional outcomes. 
AIM. To systematize and assess the evidence base for the use of AI technologies in the rehabilitation of patients following orthopedic and trauma interventions, including joint replacement, fracture fixation, and spinal surgery. 
МATERIALS AND METHODS. A narrative review of publications devoted to the use of machine learning algorithms, deep learning, convolutional and recurrent neural networks in the rehabilitation of traumatological and orthopedic patients was carried out. The search for sources was carried out between June 2025 and January 2026 in the international databases PubMed/MEDLINE, Scopus and Web of Science Core Collection for the period from January 2014 to February 2024. Studies were analyzed that included predictive models of functional outcomes, motion monitoring systems, and the prediction of complications and hospital stay. A primary search yielded 1247 publications, after removing duplicates and sequentially selecting by inclusion and exclusion criteria, 43 sources were selected for the final analysis, which formed the basis of this review. 
МAIN CONTENT OF THE REVIEW. Machine learning algorithms demonstrated high predictive accuracy in predicting functional outcomes after hip and knee arthroplasty (AUC 0.852–0.98), assessing fracture union (accuracy up to 0.98), predicting postoperative complications (AUC 0.810–0.835), and length of hospital stay (AUC 0.82–0.98). Hybrid CNN-RNN architectures outperformed traditional machine learning methods in predicting rehabilitation success: the weighted F1 score increased from 65 % to 74 %, and the mean absolute error decreased by 12 %. Random forest models achieved 90 % accuracy in predicting patient discharge. Wearable sensors with AI platforms provide personalized monitoring of motor patterns in real time. 
СONCLUSION. Artificial intelligence technologies in the rehabilitation of trauma and orthopedic patients have moved beyond experimental development and demonstrated real clinical value. The most significant predictors of functional recovery are age, functional status, range of motion, and cognitive status of the patient. Large-scale prospective studies with a high level of methodological rigor are needed for widespread clinical implementation.","systematic review","Bulletin of Rehabilitation Medicine","","10.38025/2078-1962-2026-25-3-83-92","https://consensus.app/papers/ai-in-physical-rehabilitation-of-traumatological-and-nurlygayanov-gilmutdinova/a1a602ae0e7f5db0b7f13587b3d3be4c/"
"The Impact of Machine Learning on Total Joint Arthroplasty Patient Outcomes: A Systemic Review.","Supervised machine learning algorithms show promise in predicting patient outcomes after total hip and knee arthroplasty, but require further validation and critical assessment before clinical adoption.","E. Karlin, Charles C. Lin, M. Meftah, J. Slover, R. Schwarzkopf",2022,33,"","systematic review","The Journal of arthroplasty","1","10.1016/j.arth.2022.10.039","https://consensus.app/papers/the-impact-of-machine-learning-on-total-joint-arthroplasty-karlin-lin/702515938c4059109e1b40479297cce4/"
"“Dr. AI Will See You Now”: How Do ChatGPT-4 Treatment Recommendations Align With Orthopaedic Clinical Practice Guidelines?","ChatGPT-4 can generate accurate treatment plans aligned with clinical practice guidelines, but can make mistakes when integrating multiple patient factors and understanding disease severity and progression.","Tanios Dagher, Emma Dwyer, Hayden P. Baker, S. Kalidoss, Jason A. Strelzow",2024,32,"Background: Artificial intelligence (AI) is engineered to emulate tasks that have historically required human interaction and intellect, including learning, pattern recognition, decision-making, and problem-solving. Although AI models like ChatGPT-4 have demonstrated satisfactory performance on medical licensing exams, suggesting a potential for supporting medical diagnostics and decision-making, no study of which we are aware has evaluated the ability of these tools to make treatment recommendations when given clinical vignettes and representative medical imaging of common orthopaedic conditions. As AI continues to advance, a thorough understanding of its strengths and limitations is necessary to inform safe and helpful integration into medical practice.

Questions/purposes: (1) What is the concordance between ChatGPT-4-generated treatment recommendations for common orthopaedic conditions with both the American Academy of Orthopaedic Surgeons (AAOS) clinical practice guidelines (CPGs) and an orthopaedic attending physician's treatment plan? (2) In what specific areas do the ChatGPT-4-generated treatment recommendations diverge from the AAOS CPGs?

Methods: Ten common orthopaedic conditions with associated AAOS CPGs were identified: carpal tunnel syndrome, distal radius fracture, glenohumeral joint osteoarthritis, rotator cuff injury, clavicle fracture, hip fracture, hip osteoarthritis, knee osteoarthritis, ACL injury, and acute Achilles rupture. For each condition, the medical records of 10 deidentified patients managed at our facility were used to construct clinical vignettes that each had an isolated, single diagnosis with adequate clarity. The vignettes also encompassed a range of diagnostic severity to evaluate more thoroughly adherence to the treatment guidelines outlined by the AAOS. These clinical vignettes were presented alongside representative radiographic imaging. The model was prompted to provide a single treatment plan recommendation. Each treatment plan was compared with established AAOS CPGs and to the treatment plan documented by the attending orthopaedic surgeon treating the specific patient. Vignettes where ChatGPT-4 recommendations diverged from CPGs were reviewed to identify patterns of error and summarized.

Results: ChatGPT-4 provided treatment recommendations in accordance with the AAOS CPGs in 90% (90 of 100) of clinical vignettes. Concordance between ChatGPT-generated plans and the plan recommended by the treating orthopaedic attending physician was 78% (78 of 100). One hundred percent (30 of 30) of ChatGPT-4 recommendations for fracture vignettes and hip and knee arthritis vignettes matched with CPG recommendations, whereas the model struggled most with recommendations for carpal tunnel syndrome (3 of 10 instances demonstrated discordance). ChatGPT-4 recommendations diverged from AAOS CPGs for three carpal tunnel syndrome vignettes; two ACL injury, rotator cuff injury, and glenohumeral joint osteoarthritis vignettes; as well as one acute Achilles rupture vignette. In these situations, ChatGPT-4 most often struggled to correctly interpret injury severity and progression, incorporate patient factors (such as lifestyle or comorbidities) into decision-making, and recognize a contraindication to surgery.

Conclusion: ChatGPT-4 can generate accurate treatment plans aligned with CPGs but can also make mistakes when it is required to integrate multiple patient factors into decision-making and understand disease severity and progression. Physicians must critically assess the full clinical picture when using AI tools to support their decision-making.

Clinical relevance: ChatGPT-4 may be used as an on-demand diagnostic companion, but patient-centered decision-making should continue to remain in the hands of the physician.

Copyright © 2024 by the Association of Bone and Joint Surgeons.","other","Clinical Orthopaedics and Related Research","1","10.1097/corr.0000000000003234","https://consensus.app/papers/%E2%80%9Cdr-ai-will-see-you-now%E2%80%9D-how-do-chatgpt4-treatment-dagher-dwyer/e45f163f66fa5618ab007992218e5d9c/"
"AI in Orthopedic Research: A Comprehensive Review","AI is revolutionizing orthopedic research and clinical practice by improving diagnostic accuracy, optimizing treatment strategies, and streamlining clinical workflows, but challenges like data heterogeneity and algorithmic bias remain.","A. Mısır, A. Yuce",2025,35,"Artificial intelligence (AI) is revolutionizing orthopedic research and clinical practice by enhancing diagnostic accuracy, optimizing treatment strategies, and streamlining clinical workflows. Recent advances in deep learning have enabled the development of algorithms that detect fractures, grade osteoarthritis, and identify subtle pathologies in radiographic and magnetic resonance images with performance comparable to expert clinicians. These AI-driven systems reduce missed diagnoses and provide objective, reproducible assessments that facilitate early intervention and personalized treatment planning. Moreover, AI has made significant strides in predictive analytics by integrating diverse patient data-including gait and imaging features-to forecast surgical outcomes, implant survivorship, and rehabilitation trajectories. Emerging applications in robotics, augmented reality, digital twin technologies, and exoskeleton control promise to further transform preoperative planning and intraoperative guidance. Despite these promising developments, challenges such as data heterogeneity, algorithmic bias, and the ""black box"" nature of many models-as well as issues with robust validation-remain. This comprehensive review synthesizes current developments, critically examines limitations, and outlines future directions for integrating AI into musculoskeletal care.

© 2025 Orthopaedic Research Society.","literature review","Journal of Orthopaedic Research®","1","10.1002/jor.26109","https://consensus.app/papers/ai-in-orthopedic-research-a-comprehensive-review-m%C4%B1s%C4%B1r-yuce/559c57caf9265926b3b2a0ca2b0e89ae/"
"Understanding the role of machine learning in predicting progression of osteoarthritis.","Machine learning models show promise in predicting osteoarthritis progression, but require improved data sources, standardized outcomes, rigorous validation, and more sophisticated algorithms for clinical applicability.","Simone Castagno, B. Gompels, Estelle Strangmark, Eve Robertson-Waters, M. Birch, M. van der Schaar, A. McCaskie",2024,20,"Aims: Machine learning (ML), a branch of artificial intelligence that uses algorithms to learn from data and make predictions, offers a pathway towards more personalized and tailored surgical treatments. This approach is particularly relevant to prevalent joint diseases such as osteoarthritis (OA). In contrast to end-stage disease, where joint arthroplasty provides excellent results, early stages of OA currently lack effective therapies to halt or reverse progression. Accurate prediction of OA progression is crucial if timely interventions are to be developed, to enhance patient care and optimize the design of clinical trials.

Methods: A systematic review was conducted in accordance with PRISMA guidelines. We searched MEDLINE and Embase on 5 May 2024 for studies utilizing ML to predict OA progression. Titles and abstracts were independently screened, followed by full-text reviews for studies that met the eligibility criteria. Key information was extracted and synthesized for analysis, including types of data (such as clinical, radiological, or biochemical), definitions of OA progression, ML algorithms, validation methods, and outcome measures.

Results: Out of 1,160 studies initially identified, 39 were included. Most studies (85%) were published between 2020 and 2024, with 82% using publicly available datasets, primarily the Osteoarthritis Initiative. ML methods were predominantly supervised, with significant variability in the definitions of OA progression: most studies focused on structural changes (59%), while fewer addressed pain progression or both. Deep learning was used in 44% of studies, while automated ML was used in 5%. There was a lack of standardization in evaluation metrics and limited external validation. Interpretability was explored in 54% of studies, primarily using SHapley Additive exPlanations.

Conclusion: Our systematic review demonstrates the feasibility of ML models in predicting OA progression, but also uncovers critical limitations that currently restrict their clinical applicability. Future priorities should include diversifying data sources, standardizing outcome measures, enforcing rigorous validation, and integrating more sophisticated algorithms. This paradigm shift from predictive modelling to actionable clinical tools has the potential to transform patient care and disease management in orthopaedic practice.

© 2024 Castagno et al.","systematic review","The bone & joint journal","1","10.1302/0301-620x.106b11.bjj-2024-0453.r1","https://consensus.app/papers/understanding-the-role-of-machine-learning-in-predicting-castagno-gompels/d3b093d5d6d95c14a0e07f6bc9845cb8/"
"The utility of machine learning algorithms for the prediction of patient-reported outcome measures following primary hip and knee total joint arthroplasty","Machine learning models effectively predict patient-reported outcomes at 1-year after primary hip and knee total joint arthroplasty, with factors like preoperative PROM scores, comorbidity, and insurance status influencing these outcomes.","C. Klemt, Akachimere Uzosike, J. Esposito, Michael J Harvey, I. Yeo, M. Subih, Young-Min Kwon",2022,29,"Background: Patient-reported outcome measures (PROMs) are increasingly used as quality benchmark in total hip and knee arthroplasty (THA; TKA) due to bundled payment systems that aim to provide a patient-centered, value-based treatment approach. However, there is a paucity of predictive tools for postoperative PROMs. Therefore, this study aimed to develop and validate machine learning models for the prediction of numerous patient-reported outcome measures following primary hip and knee total joint arthroplasty.

Methods: A total of 4526 consecutive patients (2137 THA; 2389 TKA) who underwent primary hip and knee total joint arthroplasty and completed both pre- and postoperative PROM scores was evaluated in this study. The following PROM scores were included for analysis: HOOS-PS, KOOS-PS, Physical Function SF10A, PROMIS SF Physical and PROMIS SF Mental. Patient charts were manually reviewed to identify patient demographics and surgical variables associated with postoperative PROM scores. Four machine learning algorithms were developed to predict postoperative PROMs following hip and knee total joint arthroplasty. Model assessment was performed through discrimination, calibration and decision curve analysis.

Results: The factors most significantly associated with the prediction of postoperative PROMs include preoperative PROM scores, Charlson Comorbidity Index, American Society of Anaesthesiology score, insurance status, age, length of hospital stay, body mass index and ethnicity. The four machine learning models all achieved excellent performance across discrimination (AUC > 0.83), calibration and decision curve analysis.

Conclusion: This study developed machine learning models for the prediction of patient-reported outcome measures at 1-year following primary hip and knee total joint arthroplasty. The study findings show excellent performance on discrimination, calibration and decision curve analysis for all four machine learning models, highlighting the potential of these models in clinical practice to inform patients prior to surgery regarding their expectations of postoperative functional outcomes following primary hip and knee total joint arthroplasty.

Level of evidence: Level III, case control retrospective analysis.

© 2022. The Author(s), under exclusive licence to Springer-Verlag GmbH Germany, part of Springer Nature.","other","Archives of Orthopaedic and Trauma Surgery","1","10.1007/s00402-022-04526-x","https://consensus.app/papers/the-utility-of-machine-learning-algorithms-for-the-klemt-uzosike/d71fc5aa6f995f3ab167281bda059680/"
"Artificial intelligence in orthopedics: fundamentals, current applications, and future perspectives","AI in orthopedics can improve diagnostic and therapeutic processes, but challenges like data quality and clinical validation need to be addressed for its safe and effective integration into care.","Jian Song, Guang-Chao Wang, Si-Cheng Wang, Chong-Ru He, Ying-ze Zhang, Xiao Chen, Jia-Chan Su",2025,28,"Conventional diagnostic and therapeutic approaches in orthopedics are frequently time intensive and associated with elevated rates of diagnostic error, underscoring the urgent need for more efficient tools to improve the current situation. Recently, artificial intelligence (AI) has been increasingly integrated into orthopedic practice, providing data-driven approaches to support diagnostic and therapeutic processes. With the continuous advancement of AI technologies and their incorporation into routine orthopedic workflows, a comprehensive understanding of AI principles and their clinical applications has become increasingly essential. The review commences with a summary of the core concepts and historical evolution of AI, followed by an examination of machine learning and deep learning frameworks designed for orthopedic clinical and research applications. We then explore various AI-based applications in orthopedics, including image analysis, disease diagnosis, and treatment approaches such as surgical assistance, drug development, rehabilitation support, and personalized therapy. These applications are designed to help researchers and clinicians gain a deeper understanding of the current applications of AI in orthopedics. The review also highlights key challenges and limitations that affect the practical use of AI, such as data quality, model generalizability, and clinical validation. Finally, we discuss possible future directions for improving AI technologies and promoting their safe and effective integration into orthopedic care.

© 2025. The Author(s).","","Military Medical Research","1","10.1186/s40779-025-00633-z","https://consensus.app/papers/artificial-intelligence-in-orthopedics-fundamentals-song-wang/e719556afb2b59a3b325aa47c095dacb/"
"Explainable machine learning for orthopedic decision-making: predicting functional outcomes of total hip replacement from gait biomechanics","Machine learning can help predict postoperative gait recovery in hip osteoarthritis patients, potentially guiding personalized treatment strategies.","B. Stetter, J. Dully, Felix Stief, Jana Holder, H. Steingrebe, F. Zaucke, Stefan Sell, S. van Drongelen, Thorsten Stein",2025,1,"This study aimed to identify subpopulations of patients with hip osteoarthritis who exhibit distinct adaptations in gait biomechanics, and to evaluate subpopulation-specific effects of total hip replacement on gait biomechanics. Three datasets were analyzed: (1) a cohort of 109 unilateral hip osteoarthritis patients before total hip replacement, (2) a subset of the first dataset of 63 patients re-evaluated after total hip replacement and (3) a control group of 56 healthy individuals. For all participants, three-dimensional joint angle and moment waveforms of the pelvis, ipsilateral hip and knee, as well as sagittal-plane ankle motion and the foot progression angle, were obtained. The analytical framework integrated k-means clustering, support vector machine classifiers, Shapley Additive exPlanations, and statistical waveform analyses. Clustering of the pre-operative dataset revealed three distinct subpopulations characterized by unique patterns in gait kinematics and joint moments. These subpopulations also differed in age, Kellgren-Lawrence score, and walking speed. Prior to total hip replacement, between 51.4% and 85.2% of hip osteoarthritis patients were classified as pathologic; following surgery, this proportion decreased to 27.8% - 51.8%. Hip flexion and rotation angles and moments were identified as the most important features for patient classification. The magnitude of gait improvement after total hip replacement varied across subpopulations, indicating subpopulation-specific responses to surgical intervention. In conclusion, patients with hip osteoarthritis demonstrate distinct subpopulation-specific gait adaptations, both before and after total hip replacement. Preoperative classification of patients into the identified subpopulations using machine learning approaches may facilitate the prediction of postoperative gait recovery and support the development of personalized treatment and rehabilitation strategies.

© 2025. The Author(s).","other","Arthritis Research & Therapy","1","10.1186/s13075-025-03709-2","https://consensus.app/papers/explainable-machine-learning-for-orthopedic-stetter-dully/374cab1e99165e43b4bf9003236ed0b8/"
"Artificial intelligence in orthopaedic surgery","AI shows promise in orthopaedic surgery for diagnostics, predictive models, and real-time rehabilitation monitoring, but requires robust reporting and validation frameworks to prevent errors and biases.","A. Lisacek-Kiosoglous, Amber S Powling, A. Fontalis, A. Gabr, Evangelos Mazomenos, F. Haddad",2023,118,"The use of artificial intelligence (AI) is rapidly growing across many domains, of which the medical field is no exception. AI is an umbrella term defining the practical application of algorithms to generate useful output, without the need of human cognition. Owing to the expanding volume of patient information collected, known as 'big data', AI is showing promise as a useful tool in healthcare research and across all aspects of patient care pathways. Practical applications in orthopaedic surgery include: diagnostics, such as fracture recognition and tumour detection; predictive models of clinical and patient-reported outcome measures, such as calculating mortality rates and length of hospital stay; and real-time rehabilitation monitoring and surgical training. However, clinicians should remain cognizant of AI's limitations, as the development of robust reporting and validation frameworks is of paramount importance to prevent avoidable errors and biases. The aim of this review article is to provide a comprehensive understanding of AI and its subfields, as well as to delineate its existing clinical applications in trauma and orthopaedic surgery. Furthermore, this narrative review expands upon the limitations of AI and future direction.

© 2023 Author(s) et al.","literature review","Bone & Joint Research","1","10.1302/2046-3758.127.bjr-2023-0111.r1","https://consensus.app/papers/artificial-intelligence-in-orthopaedic-surgery-lisacek-kiosoglous-powling/bf3a08f43ceb5cdebe93c7adfe15df42/"
"Machine learning approaches to predict rehabilitation success based on clinical and patient-reported outcome measures","Machine learning techniques can effectively predict rehabilitation success using clinical and patient-reported outcome measures, improving medical control and optimizing treatment paths in rehab.","Michael Tschuggnall, V. Grote, Michael Pirchl, B. Holzner, G. Rumpold, M. Fischer",2021,37,"","theoretical, modeling, or simulation study","Informatics in Medicine Unlocked","2","10.1016/j.imu.2021.100598","https://consensus.app/papers/machine-learning-approaches-to-predict-rehabilitation-tschuggnall-grote/4ff458568be05a38ad1a6c3fad51804e/"
"Advanced decision‐making using patient‐reported outcome measures in total joint replacement","A shared decision-making tool using patient-reported outcomes and clinical data can personalize total joint replacement risks and benefits, improving decision quality and patient satisfaction.","P. Jayakumar, K. Bozic",2020,53,"Up to one-third of total joint replacement (TJR) procedures may be performed inappropriately in a subset of patients who remain dissatisfied with their outcomes, stressing the importance of shared decision-making. Patient-reported outcome measures capture physical, emotional, and social aspects of health and wellbeing from the patient's perspective. Powerful computer systems capable of performing highly sophisticated analysis using different types of data, including patient-derived data, such as patient-reported outcomes, may eliminate guess work, generating impactful metrics to better inform the decision-making process. We have created a shared decision-making tool which generates personalized predictions of risks and benefits from TJR based on patient-reported outcomes as well as clinical and demographic data. We present the protocol for a randomized controlled trial designed to assess the impact of this tool on decision quality, level of shared decision-making, and patient and process outcomes. We also discuss current concepts in this field and highlight opportunities leveraging patient-reported data and artificial intelligence for decision support across the care continuum.

© 2020 Orthopaedic Research Society. Published by Wiley Periodicals, Inc.","","Journal of Orthopaedic Research®","1","10.1002/jor.24614","https://consensus.app/papers/advanced-decision%E2%80%90making-using-patient%E2%80%90reported-jayakumar-bozic/2fb746e1d02b5d208e1d3e2598cf5aea/"
"Artificial intelligence for treatment planning and soft tissue outcome prediction of orthognathic treatment: A systematic review","AI can aid in treatment planning and soft tissue outcome prediction in orthognathic treatment, facilitating clinical decision making and providing a visualisation tool.","D. Salazar, P. Rossouw, F. Javed, D. Michelogiannakis",2023,23,"Background: The accuracy of artificial intelligence (AI) in treatment planning and outcome prediction in orthognathic treatment (OGT) has not been systematically reviewed.

Objectives: To determine the accuracy of AI in treatment planning and soft tissue outcome prediction in OGT.

Design: Systematic review.

Data sources: Unrestricted search of indexed databases and reference lists of included studies.

Data selection: Clinical studies that addressed the focused question 'Is AI useful for treatment planning and soft tissue outcome prediction in OGT?' were included.

Data extraction: Study screening, selection and data extraction were performed independently by two authors. The risk of bias (RoB) was assessed using the Cochrane Collaboration's RoB and ROBINS-I tools for randomised and non-randomised clinical studies, respectively.

Data synthesis: Eight clinical studies (seven retrospective cohort studies and one randomised controlled study) were included. Four studies assessed the role of AI for treatment decision making; and four studies assessed the accuracy of AI in soft tissue outcome prediction after OGT. In four studies, the level of agreement between AI and non-AI decision making was found to be clinically acceptable (at least 90%). In four studies, it was shown that AI can be used for soft tissue outcome prediction after OGT; however, predictions were not clinically acceptable for the lip and chin areas. All studies had a low to moderate RoB.

Limitations: Due to high methodological inconsistencies among the included studies, it was not possible to conduct a meta-analysis and reporting biases assessment.

Conclusion: AI can be a useful aid to traditional treatment planning by facilitating clinical treatment decision making and providing a visualisation tool for soft tissue outcome prediction in OGT.

Registration: PROSPERO CRD42022366864.","systematic review","Journal of Orthodontics","2","10.1177/14653125231203743","https://consensus.app/papers/artificial-intelligence-for-treatment-planning-and-soft-salazar-rossouw/02c5d79aba3150839ea3188434b67db4/"
"Machine Learning for the Orthopaedic Surgeon","Machine learning has potential applications in orthopaedics, including radiographic diagnosis, gait analysis, implant identification, and patient outcome prediction, but limitations hinder widespread use in daily clinical environments.","D. Alsoof, Christopher L. Mcdonald, Eren O. Kuris, Alan H. Daniels",2022,35,"➤: Machine learning is a subset of artificial intelligence in which computer algorithms are trained to make classifications and predictions based on patterns in data. The utilization of these techniques is rapidly expanding in the field of orthopaedic research.

➤: There are several domains in which machine learning has application to orthopaedics, including radiographic diagnosis, gait analysis, implant identification, and patient outcome prediction.

➤: Several limitations prevent the widespread use of machine learning in the daily clinical environment. However, future work can overcome these issues and enable machine learning tools to be a useful adjunct for orthopaedic surgeons in their clinical decision-making.

Copyright © 2022 by The Journal of Bone and Joint Surgery, Incorporated.","literature review","The Journal of Bone and Joint Surgery","1","10.2106/jbjs.21.01305","https://consensus.app/papers/machine-learning-for-the-orthopaedic-surgeon-alsoof-mcdonald/2548c3490ad657998acaa170998ed8eb/"
"Towards streamlining orthopedic consultations: Machine learning classification of knee diagnosis groups via computer-assisted history taking.","The support vector machine algorithm effectively predicts knee diagnosis groups in patients with knee complaints, potentially streamlining consultation workflow and directing patients to specialists.","J. Oosterhoff, Twan Slaats, T. Warren, W. van der Weegen",2025,1,"","theoretical, modeling, or simulation study","The Knee","2","10.1016/j.knee.2025.05.017","https://consensus.app/papers/towards-streamlining-orthopedic-consultations-machine-oosterhoff-slaats/3cbe72edebae55b88051055ad6118d1f/"
"Precision medicine-based machine learning analyses to explore optimal exercise therapies for individuals with knee osteoarthritis: Random Forest Informed Tree-based Learning","Machine learning can guide patients with knee osteoarthritis to optimal treatments based on age, fear of movement, and BMI, potentially improving outcomes.","Siyeon Kim, M. Kosorok, L. Arbeeva, T. Schwartz, L. Callahan, Y. Golightly, A. Nelson, K. Allen",2023,14,"Objective: We applied a precision medicine-based machine learning approach to discover underlying patient characteristics associated with differential improvement in knee osteoarthritis symptoms following standard physical therapy (PT), internet-based exercise training (IBET), and a usual care/wait list control condition.

Methods: Participants (n = 303) were from the Physical Therapy vs Internet-Based Training for Patients with Knee Osteoarthritis trial. The primary outcome was the Western Ontario and McMaster Universities Osteoarthritis Index (WOMAC) total score at 12-month follow-up. Random forest-informed tree-based learning was applied to identify patient characteristics that were critical to improving outcomes, and patients with those features were grouped.

Results: Age, BMI, and Brief Fear of Movement (BFOM) score, all at baseline, were identified as characteristics that effectively divided participants, creating 6 subgroups. Assigning treatments according to these models, compared to assigning a single best treatment to all patients, resulted in greater improvements of the average WOMAC at 12 months (P = 0.01). Key patterns were that IBET was the optimal treatment for patients of younger age and low BFOM, whereas PT was the optimal treatment for patients of older age, high BFOM, and BMI (kg/m2) between 26.3 and 37.2.

Conclusion: These results suggest that easily assessed patient characteristics including age, fear of movement, and BMI could be used to guide patients toward either home-based exercise or PT, though additional studies are needed to confirm these findings. (ClinicalTrials.gov: NCT02312713).

Copyright © 2023 by the Journal of Rheumatology.","theoretical, modeling, or simulation study","The Journal of rheumatology","1","10.3899/jrheum.2022-1039","https://consensus.app/papers/precision-medicinebased-machine-learning-analyses-to-kim-kosorok/91d60bb7745b5a838c08f1fb34b067e3/"
"Applied Machine Learning for Spine Surgeons: Predicting Outcome for Patients Undergoing Treatment for Lumbar Disc Herniation Using PRO Data","Machine learning and conventional methods can predict improvement in lumbar disc herniation patients at 1-year follow-up, with MARS and deep learning showing consistent performance.","C. Pedersen, M. Andersen, L. Carreon, S. Eiskjær",2020,47,"Study design: Retrospective/prospective study.

Objective: Models based on preoperative factors can predict patients' outcome at 1-year follow-up. This study measures the performance of several machine learning (ML) models and compares the results with conventional methods.

Methods: Inclusion criteria were patients who had lumbar disc herniation (LDH) surgery, identified in the Danish national registry for spine surgery. Initial training of models included 16 independent variables, including demographics and presurgical patient-reported measures. Patients were grouped by reaching minimal clinically important difference or not for EuroQol, Oswestry Disability Index, Visual Analog Scale (VAS) Leg, and VAS Back and by their ability to return to work at 1 year follow-up. Data were randomly split into training, validation, and test sets by 50%/35%/15%. Deep learning, decision trees, random forest, boosted trees, and support vector machines model were trained, and for comparison, multivariate adaptive regression splines (MARS) and logistic regression models were used. Model fit was evaluated by inspecting area under the curve curves and performance during validation.

Results: Seven models were arrived at. Classification errors were within ±1% to 4% SD across validation folds. ML did not yield superior performance compared with conventional models. MARS and deep learning performed consistently well. Discrepancy was greatest among VAS Leg models.

Conclusions: Five predictive ML and 2 conventional models were developed, predicting improvement for LDH patients at the 1-year follow-up. We demonstrate that it is possible to build an ensemble of models with little effort as a starting point for further model optimization and selection.","theoretical, modeling, or simulation study","Global Spine Journal","1","10.1177/2192568220967643","https://consensus.app/papers/applied-machine-learning-for-spine-surgeons-predicting-pedersen-andersen/9d53517dbf9c5a9a9668f22d3cae33ac/"
"Artificial Intelligence in Orthopedic Surgery: Current Applications, Challenges, and Future Directions","AI in orthopedic surgery has potential for precision and personalization, but faces challenges like limited decision autonomy, data silos, and ethical/regulatory frameworks.","Fei Han, Xiao Huang, Xin Wang, Yong-Feng Chen, Chuang Lu, Shasha Li, Lu Lu, Da-Wei Zhang",2025,77,"Artificial intelligence (AI) drives transformative changes in orthopedic surgery, steering it toward precision and personalization through intelligent applications in preoperative planning, intraoperative assistance, and postoperative rehabilitation/monitoring. Breakthroughs in deep learning, robotics, and multimodal data fusion have enabled AI to demonstrate significant advantages. Nonetheless, current applications face challenges such as limited real-time decision autonomy, fragmented medical data silos, standardization gaps restricting model generalization, and ethical/regulatory frameworks lagging behind technological advancements. Therefore, a critical analysis of the current status of AI and the acceleration of its clinical translation is urgently required. This study systematically reviews the core advancements, challenges, and future directions of AI in orthopedic surgery from technical, clinical, and ethical perspectives. It elaborates on the ""perceptual-decisional-executional"" intelligent closed loop formed by algorithmic innovation and hardware upgrades, summarizes AI applications across surgical continuum, analyzes ethical and regulatory challenges, and explores emerging trajectories. This review integrates the end-to-end applications of AI in orthopedics, illustrating its evolution. It introduces an ""algorithm-hardware-ethics trinity"" framework for technical translation, providing methodological guidance for interdisciplinary collaboration. Additionally, it evaluates the combined efficacy of diverse algorithms and devices through practical cases and details of future research frontiers, aiming to inform researchers of current landscapes and guide subsequent investigations.

© 2025 The Author(s). MedComm published by Sichuan International Medical Exchange & Promotion Association (SCIMEA) and John Wiley & Sons Australia, Ltd.","literature review","MedComm","1","10.1002/mco2.70260","https://consensus.app/papers/artificial-intelligence-in-orthopedic-surgery-current-han-huang/c121de97fa1a5acbb1d8e67c200376cf/"
"Machine Learning Clinical Decision Support for Interdisciplinary Multimodal Chronic Musculoskeletal Pain Treatment: Prospective Pilot Study of Patient Assessment and Prognostic Profile Validation","Machine learning prognostic patient profiles show promise in improving clinical decision support and treatment outcomes for patients with chronic musculoskeletal pain.","Fredrick Zmudzki, R. Smeets, Jan S. Groenewegen, E. van der Graaff",2024,4,"Background: Chronic musculoskeletal pain (CMP) impacts around 20% of people globally, resulting in patients living with pain, fatigue, restricted social and employment capacity, and reduced quality of life. Interdisciplinary multimodal pain treatment (IMPT) programs have been shown to provide positive and sustained outcomes where all other interventions have failed. IMPT programs combined with multidimensional machine learning predictive patient profiles aim to improve clinical decision support and personalized patient assessments, potentially leading to better treatment outcomes.

Objective: We aimed to investigate integrating machine learning with IMPT programs and its potential contribution to clinical decision support and treatment outcomes for patients with CMP.

Methods: This prospective pilot study used a machine learning prognostic patient profile of 7 outcome measures across 4 clinically relevant domains, including activity or disability, pain, fatigue, and quality of life. Prognostic profiles were created for new IMPT patients in the Netherlands in November 2023 (N=17). New summary indicators were developed, including defined categories for positive, negative, and mixed prognostic profiles; an accuracy indicator with high, medium, and low levels based on weighted true- or false-positive values; and an indicator for consistently positive or negative outcomes. The consolidated reporting guidelines checklist for prognostic machine learning modeling studies was completed to provide transparency of data quality, model development methodology, and validation.

Results: The machine learning IMPT prognostic patient profiles demonstrated high accuracy and consistency in predicting patient outcomes. The profile, combined with extended new prognostic summary indicators, provided improved identification of patients with predicted positive, negative, and mixed outcomes, supporting more comprehensive assessment. Overall, 82.4% (14/17) of prognostic patient profiles were consistent with clinician assessments. Notably, clinician case notes indicated the stratified prognostic profiles were directly discussed with around half (8/17, 47.1%) of patients. Clinicians found the prognostic patient profiles helpful in 88.2% (15/17) of initial IMPT assessments to support shared clinician and patient decision-making and discussion of individualized treatment planning.

Conclusions: Machine learning prognostic patient profiles showed promising contributions for IMPT clinical decision support and improving treatment outcomes for patients with CMP. Further research is needed to validate these findings in larger, more diverse populations.

© Fredrick Zmudzki, Rob J E M Smeets, Jan S Groenewegen, Erik van der Graaff. Originally published in JMIR Rehabilitation and Assistive Technology (https://rehab.jmir.org).","theoretical, modeling, or simulation study","JMIR Rehabilitation and Assistive Technologies","1","10.2196/65890","https://consensus.app/papers/machine-learning-clinical-decision-support-for-zmudzki-smeets/f6dce48d51645d019d53fa61c62dd77d/"
"Revolutionizing total hip arthroplasty: The role of artificial intelligence and machine learning","AI and machine learning models show potential in predicting post-operative outcomes in total hip arthroplasty, optimizing clinical decision-making and reducing time, cost, and complexity.","U. Longo, S. de Salvatore, Alice Piccolomini, N. S. Ullman, G. Salvatore, Margaux D'Hooghe, M. Saccomanno, Kristian Samuelsson, R. Papalia, Ayoosh Pareek",2025,11,"Purpose: There has been substantial growth in the literature describing the effectiveness of artificial intelligence (AI) and machine learning (ML) applications in total hip arthroplasty (THA); these models have shown the potential to predict post-operative outcomes using algorithmic analysis of acquired data and can ultimately optimize clinical decision-making while reducing time, cost and complexity. The aim of this review is to analyze the most updated articles on AI/ML applications in THA as well as present the potential of these tools in optimizing patient care and THA outcomes.

Methods: A comprehensive search was completed through August 2024, according to the PRISMA guidelines. Publications were searched using the Scopus, Medline, EMBASE, CENTRAL and CINAHL databases. Pertinent findings and patterns in AI/ML methods utilization, as well as their applications, were quantitatively summarized and described using frequencies, averages and proportions. This study used a modified eight-item Methodological Index for Non-Randomized Studies (MINORS) checklist for quality assessment.

Results: Nineteen articles were eligible for this study. The selected studies were published between 2016 and 2024. Out of the various ML algorithms, four models have proven to be particularly significant and were used in almost 20% of the studies, including elastic net penalized logistic regression, artificial neural network, convolutional neural network (CNN) and multiple linear regression. The highest area under the curve (=1) was reported in the preoperative planning outcome variable and utilized CNN. All 20 studies demonstrated a high level of quality and low risk of bias, with a modified MINORS score of at least 7/8 (88%).

Conclusions: Developments in AI/ML prediction models in THA are rapidly increasing. There is clear potential for these tools to assist in all stages of surgical care as well as in challenges at the broader hospital administrative level and patient-specific level.

Level of Evidence: Level III.

© 2025 The Author(s). Journal of Experimental Orthopaedics published by John Wiley & Sons Ltd on behalf of European Society of Sports Traumatology, Knee Surgery and Arthroscopy.","systematic review","Journal of Experimental Orthopaedics","1","10.1002/jeo2.70195","https://consensus.app/papers/revolutionizing-total-hip-arthroplasty-the-role-of-longo-salvatore/ca8a7ee68d4751c5bce67678963ab905/"
"Closed-Loop digital therapeutics empowered by deep reinforcement learning and wearable sensing for precision orthopedic rehabilitation: a simulation-based proof-of-concept study","Deep reinforcement learning and wearable sensing can safely and dynamically personalize orthopedic rehabilitation strategies, potentially reducing re-injury rates and improving efficiency.","Jia-Hao Dong, Tao Chen, Zhongyu Peng",2026,0,"Objective: Static, one-size-fits-all protocols in postoperative orthopedic rehabilitation fail to adapt to individual recovery dynamics, potentially leading to suboptimal rehabilitation efficiency or an elevated risk of secondary injury. To address this critical gap, we propose and provide a simulation-based proof-of-concept validation for a novel closed-loop management system that deeply integrates patient-generated health data (PGHD) with deep reinforcement learning (DRL), offering a potential technical pathway for real-time personalized optimization of rehabilitation regimens and continuous prediction of long-term functional outcomes.

Methods: A three-tier system architecture was constructed, comprising an intelligent sensing layer, an AI decision-making and prediction layer, and an interactive feedback layer. Through wearable inertial measurement units (IMUs) and surface electromyography (sEMG) devices, the system continuously collected multi-dimensional PGHD, including movement quality, training intensity, adherence, and pain feedback. These heterogeneous data were encoded into a comprehensive ""patient state space"" through a standardized feature engineering pipeline. A proximal policy optimization (PPO) algorithm was employed to train a DRL agent to learn the optimal policy for dynamically adjusting the next-cycle rehabilitation prescription (including exercise type, intensity, frequency, and progression pace). The agent aimed to maximize a hierarchical cumulative reward function that integrates short-term safety (ΔVAS pain score monitoring), mid-term adherence (training completion rate), and long-term functional improvement. Critically, a temporal convolutional network (TCN) prognostic module was deeply coupled with the DRL agent, providing prospective predictions of future functional recovery curves that inform the agent's long-term reward calculation, equipping the system with the capability of ""making decisions based on predictions.""

Results: A proof-of-concept validation was conducted in a simulated environment for a post-operative anterior cruciate ligament reconstruction (ACLR) scenario. The trained DRL agent demonstrated the ability to generate differentiated rehabilitation strategies: in stratified analysis, it prescribed distinct progression paces for virtual patients with fast vs. slow recovery trajectories. Under this simulation setting, compared with a static conservative protocol, the DRL-driven strategy reduced the simulated time to ""safe return to light activity"" by an average of 15% and, compared with a static aggressive protocol, relatively decreased simulated ""re-injury"" events by 40%. The mean absolute errors (MAEs) of the TCN prognostic module for predicting functional scores at 2, 4, and 8 weeks into the future were 3.2, 4.8, and 6.5 points (on a 100-point scale), respectively, outperforming the ARIMA, LSTM, and GRU baseline models. An ablation study confirmed the TCN module's independent contribution, as its removal led to a relative increase in the simulated re-injury rate.

Conclusion: This proof-of-concept study provides foundational evidence for the technical feasibility of a DRL-based closed-loop rehabilitation system. The proposed framework uniquely couples a wearable sensing layer with a symbiotic DRL-TCN architecture, demonstrating the potential to safely and dynamically personalize rehabilitation strategies in a simulated environment. These findings lay the groundwork for future prospective clinical trials, which are the necessary next step to validate safety, efficacy, and clinical utility in real-world settings.

© 2026 Dong, Chen and Peng.","theoretical, modeling, or simulation study","Frontiers in Rehabilitation Sciences","2","10.3389/fresc.2026.1822939","https://consensus.app/papers/closedloop-digital-therapeutics-empowered-by-deep-dong-chen/31ad8aa7269a5f448638b8bb9d3f4c51/"
"A practical guide to the implementation of AI in orthopaedic research – part 1: opportunities in clinical application and overcoming existing challenges","AI has the potential to revolutionize orthopaedic research, but ensuring safe and ethical deployment requires understanding key concepts, biases, and clinical safety concerns.","Bálint Zsidai, Ann-Sophie Hilkert, Janina Kaarre, E. Narup, E. Senorski, A. Grassi, C. Ley, U. Longo, E. Herbst, M. Hirschmann, Sebastian Kopf, R. Seil, Thomas Tischer, K. Samuelsson, Robert Feldt",2023,54,"Artificial intelligence (AI) has the potential to transform medical research by improving disease diagnosis, clinical decision-making, and outcome prediction. Despite the rapid adoption of AI and machine learning (ML) in other domains and industry, deployment in medical research and clinical practice poses several challenges due to the inherent characteristics and barriers of the healthcare sector. Therefore, researchers aiming to perform AI-intensive studies require a fundamental understanding of the key concepts, biases, and clinical safety concerns associated with the use of AI. Through the analysis of large, multimodal datasets, AI has the potential to revolutionize orthopaedic research, with new insights regarding the optimal diagnosis and management of patients affected musculoskeletal injury and disease. The article is the first in a series introducing fundamental concepts and best practices to guide healthcare professionals and researcher interested in performing AI-intensive orthopaedic research studies. The vast potential of AI in orthopaedics is illustrated through examples involving disease- or injury-specific outcome prediction, medical image analysis, clinical decision support systems and digital twin technology. Furthermore, it is essential to address the role of human involvement in training unbiased, generalizable AI models, their explainability in high-risk clinical settings and the implementation of expert oversight and clinical safety measures for failure. In conclusion, the opportunities and challenges of AI in medicine are presented to ensure the safe and ethical deployment of AI models for orthopaedic research and clinical application. Level of evidence IV.

© 2023. The Author(s).","other","Journal of Experimental Orthopaedics","1","10.1186/s40634-023-00683-z","https://consensus.app/papers/a-practical-guide-to-the-implementation-of-ai-in-zsidai-hilkert/c7e52b728f7852d0882299f46dc0da17/"
"Enhancing patient rehabilitation outcomes: artificial intelligence-driven predictive modeling for home discharge in neurological and orthopedic conditions","AI-driven predictive modeling can accurately predict home discharge for patients in neurological and orthopedic conditions, improving patient care and rehabilitation outcomes.","L. Buscarini, Paola Romano, E. S. Cocco, C. Damiani, S. Pournajaf, Marco Franceschini, F. Infarinato",2025,8,"In recent years, the fusion of the medical and computer science domains has gained significant traction in the scientific research landscape. Progress in both fields has enabled the generation of a vast amount of data used for making predictions and identifying interesting clusters and pathways. The Machine Learning (ML) model's application in the medical domain is one of the most compelling and challenging topics to explore, bridging the gap between Artificial Intelligence (AI) and healthcare. The combination of AI and medical information offers the possibility to create tools that can benefit both healthcare providers and physicians. This enables the enhancement of rehabilitation therapy and patient care. In the rehabilitation context, this work provides an alternative perspective: prediction of patients' home discharge upon completing the rehabilitation protocol. Demographic and clinical data were collected on 7282 inpatients from electronic Medical Record, each record was categorized into Neurological Patients (NP, N = 3222) or Orthopedic Patients (OP, N = 4060). To identify the most suitable machine learning model, an extensive data preprocessing phase was conducted. This process involved variables recoding, scaling, and the evaluation of different dataset balancing methods to optimize model performance. Following a thorough review and comparison of algorithms commonly employed in the clinical-rehabilitative field, the Random Over Sampling (ROS) technique, in combination with the Random Forest (RF) machine learning model, was selected. Subsequently, a comprehensive hyperparameter tuning phase was performed using a grid search approach. The optimized model achieved an average accuracy of 98% for OP and 96% for NP, based on 10-fold cross-validation applied to the balanced training set (unrealistic scenario). When tested on the unbalanced dataset (real-world condition), the RF model maintained strong generalization performance, achieving 90% accuracy for OP and 83% for NP. This work points out the increasing importance of AI in medicine, especially in the realm of personalized rehabilitation. The use of such approaches could signify a transformative shift in healthcare. The integration of machine learning not only enhances the precision of treatment but also opens new possibilities for patient-centered care, improving outcomes and quality of care for individuals undergoing rehabilitation.

© 2025. The Author(s).","theoretical, modeling, or simulation study","Journal of NeuroEngineering and Rehabilitation","1","10.1186/s12984-025-01654-4","https://consensus.app/papers/enhancing-patient-rehabilitation-outcomes-artificial-buscarini-romano/07f4464453865d4d9ad27315c99cfac4/"
"Biopsychosocial based machine learning models predict patient improvement after total knee arthroplasty","Machine learning models using biopsychosocial features can predict patient improvement in quality-of-life and knee symptomology after total knee arthroplasty.","Karen Ribbons, Jodie A. Cochrane, Sarah Johnson, Adrian Wills, Elizabeth Ditton, David Dewar, M. Broadhead, I. Chan, M. Dixon, C. Dunkley, Richard Harbury, Aleksandar Jovanović, A. Leong, P. Summersell, C. Todhunter, R. Verheul, Michael Pollack, Rohan Walker, Michael Nilsson",2025,8,"Total knee arthroplasty (TKA) is an effective treatment for end stage osteoarthritis. However, biopsychosocial features are not routinely considered in TKA clinical decision-making, despite increasing evidence to support their role in patient recovery. We have developed a more holistic model of patient care by using machine learning and Bayesian inference methods to build patient-centred predictive models, enhanced by a comprehensive battery of biopsychosocial features. Data from 863 patients with TKA (mean age 68 years (SD 8), 50% women), identified between 2019 and 2022 from four hospitals in NSW, Australia, was included in model development. Predictive models for improvement in patient quality-of-life and knee symptomology at three months post-TKA were developed, as measured by a change in the Short Form-12 Physical Composite Score (PCS) or Western Ontario and McMasters Universities Osteoarthritis Index (WOMAC), respectively. Retained predictive variables in the quality-of-life model included pre-surgery PCS, knee symptomology, nutrition, alcohol consumption, employment, committed action, pain improvement expectation, pain in other places, and hand grip strength. Retained variables for the knee symptomology model were comparable, but also included pre-surgery WOMAC, pain catastrophizing, and exhaustion. Bayesian machine learning methods generated predictive distributions, enabling outcomes and uncertainty to be determined on an individual basis to further inform decision-making.

© 2025. The Author(s).","theoretical, modeling, or simulation study","Scientific Reports","1","10.1038/s41598-025-88560-w","https://consensus.app/papers/biopsychosocial-based-machine-learning-models-predict-ribbons-cochrane/e0648fa9ab8853c7b371c0cd2c7106fe/"
"Machine learning in knee osteoarthritis: A review","Machine Learning techniques show promise in diagnosing and predicting knee osteoarthritis, addressing data complexity, heterogeneity, and size challenges and leading to new automated pre- or post-treatment solutions.","Christos Kokkotis, S. Moustakidis, E. Papageorgiou, G. Giakas, Dimitrios Tsaopoulos",2020,143,"","systematic review","Osteoarthritis and Cartilage Open","1","10.1016/j.ocarto.2020.100069","https://consensus.app/papers/machine-learning-in-knee-osteoarthritis-a-review-kokkotis-moustakidis/9a2cdeec132c5318b47954b8f5c32971/"
"Initial clinical experience with a predictive clinical decision support tool for anatomic and reverse total shoulder arthroplasty","Machine learning-based clinical decision support tools for anatomic and reverse total shoulder arthroplasty show potential for improved patient outcomes and surgeon satisfaction when used responsibly.","Chelsey Simmons, Jessica Degrasse, S. Polakovic, William R. Aibinder, Thomas W. Throckmorton, Mayo Noerdlinger, R. Papandrea, Scott Trenhaile, Bradley S. Schoch, Bruno Gobbato, Howard D. Routman, Moby Parsons, Christopher P. Roche",2023,11,"Purpose: Clinical decision support tools (CDSTs) are software that generate patient-specific assessments that can be used to better inform healthcare provider decision making. Machine learning (ML)-based CDSTs have recently been developed for anatomic (aTSA) and reverse (rTSA) total shoulder arthroplasty to facilitate more data-driven, evidence-based decision making. Using this shoulder CDST as an example, this external validation study provides an overview of how ML-based algorithms are developed and discusses the limitations of these tools.

Methods: An external validation for a novel CDST was conducted on 243 patients (120F/123M) who received a personalized prediction prior to surgery and had short-term clinical follow-up from 3 months to 2 years after primary aTSA (n = 43) or rTSA (n = 200). The outcome score and active range of motion predictions were compared to each patient's actual result at each timepoint, with the accuracy quantified by the mean absolute error (MAE).

Results: The results of this external validation demonstrate the CDST accuracy to be similar (within 10%) or better than the MAEs from the published internal validation. A few predictive models were observed to have substantially lower MAEs than the internal validation, specifically, Constant (31.6% better), active abduction (22.5% better), global shoulder function (20.0% better), active external rotation (19.0% better), and active forward elevation (16.2% better), which is encouraging; however, the sample size was small.

Conclusion: A greater understanding of the limitations of ML-based CDSTs will facilitate more responsible use and build trust and confidence, potentially leading to greater adoption. As CDSTs evolve, we anticipate greater shared decision making between the patient and surgeon with the aim of achieving even better outcomes and greater levels of patient satisfaction.

© 2023. The Author(s), under exclusive licence to Springer-Verlag France SAS, part of Springer Nature.","other","European Journal of Orthopaedic Surgery & Traumatology","1","10.1007/s00590-023-03796-4","https://consensus.app/papers/initial-clinical-experience-with-a-predictive-clinical-simmons-degrasse/23903bd5ab4f5bb5a0f9594311fee1b2/"
"Artificial Intelligence and its Current Role in Clinical Outcome Prediction, Musculoskeletal Imaging, and Economic and Ethical Considerations within Orthopedics and Sports Medicine.","AI models show promise in predicting patient outcomes, surgical complications, and healthcare utilization in orthopedics and sports medicine, but challenges in validation, accessibility, and ethical considerations remain.","Emmett O'Malley, Brian M. Soth, Alex Capitano, A. Bensa, Joshua R. Eskew, Malik E. Dancy, Benedict U. Nwachukwu",2026,1,"PURPOSE OF REVIEW: Artificial intelligence (AI) has emerged as a useful tool across the field of orthopedic surgery. This review highlights recent literature on AI’s role in surgical outcome prediction, musculoskeletal imaging, economic and ethical considerations, with a focus on its integration in sports medicine workflow and procedures. RECENT FINDINGS: Machine learning AI models have demonstrated superior accuracy in predicting orthopedic related patient-reported outcomes, surgical complications, and the utilization of healthcare compared to traditional, non-AI methods. Within imaging, AI applications now produce automated measurements for clinical and presurgical planning with precision equivalent to expert-level measurements. Large language AI models are increasingly used for clinical documentation, research workflows, and administrative support for healthcare delivery and effectiveness. Despite increasing integration of AI into orthopedics and its subspecialties, challenges in validation, accessibility due to cost, and ethical considerations remain. Orthopedic surgery and sports medicine are particularly well suited for AI applications due to their well-defined, measurable clinical outcomes. Emerging AI tools and models show promise in enhancing patient outcomes, surgical planning, and healthcare efficiency. Continued AI research must prioritize external validation, ethical implementation, and educational integration to ensure responsible, effective, and reproducible use.","literature review","Current reviews in musculoskeletal medicine","1","10.1007/s12178-026-10019-w","https://consensus.app/papers/artificial-intelligence-and-its-current-role-in-clinical-omalley-soth/8d20467fd61e5cf6b6f19e733f19297f/"
"A Hierarchical Machine Learning–Based Framework for Clinical Decision Support in Foot Orthosis Prescription: Algorithm Development and Validation Study","The hierarchical machine learning-based clinical decision support framework supports multicomponent foot orthosis prescription under variable information availability, potentially supporting clinician decision-making in routine outpatient practice.","Ji-Yong Jung, Wooyeol Yang, Jung-Ja Kim",2026,0,"Background: Foot orthosis prescription is a complex clinical decision-making process that involves selecting and combining multiple structural, functional, and material components based on heterogeneous biomechanical information. In routine outpatient practice, detailed biomechanical assessments are often incomplete, creating substantial variability in prescription decisions, and limiting the applicability of conventional machine learning (ML) models that assume fixed feature availability.

Objective: This study aimed to develop and evaluate a hierarchical ML-based clinical decision support framework for foot orthosis prescription that accommodates variable clinical information availability, supports multilabel prescription decisions, and incorporates safety-oriented recommendation strategies for routine outpatient practice.

Methods: A retrospective observational study was conducted using 6462 visit-level clinical encounters collected from a single institution between 2015 and 2020. Orthotic prescription was formulated as a multilabel prediction task involving 15 prescription components. A hierarchical modeling framework was implemented, consisting of a basic decision level using routinely available demographic and alignment variables, and an advanced level incorporating subtalar joint inversion and eversion range of motion measurements when available. Tree-based gradient boosting models were evaluated using 5-fold stratified grouped cross-validation. Model performance was assessed using component-wise area under the receiver operating characteristic curve (AUROC), area under the precision-recall curve (AUPRC), positive predictive value (PPV), macro-averaged Hamming loss, Top-K hit, and coverage rates based on probabilities calibrated using internal grouped Platt scaling, and component-specific safety-oriented threshold calibration.

Results: The hierarchical models demonstrated consistent predictive performance across both decision levels, although precision-recall-based analyses indicated greater variability for low-prevalence prescription components. The Level 4 and Level 8 models achieved mean component-wise AUROC values of 0.792 and 0.816, respectively, with macro-averaged Hamming loss of 0.113 and 0.111. Using component-specific Platt scaling within the 5-fold stratified grouped cross-validation framework, Top-K analysis demonstrated a Top-1 hit rate of 86.7% and a Top-3 hit rate of 97.4%. When all prescribed components were considered, Top-K coverage reached 71.7% at Top-3 and increased to 97.0% at Top-8. Safety-oriented threshold calibration was performed separately for each prescription component, selecting the threshold that achieved the highest sensitivity while maintaining a specificity of at least 95%. Under this component-specific calibration strategy, the aggregated operating profile achieved a microaveraged specificity of 96.00% with a microaveraged sensitivity of 28.71%. Age-stratified analyses revealed distinct feature-importance patterns between pediatric and adult populations.

Conclusions: The proposed hierarchical clinical decision support framework supported multicomponent foot orthosis prescription under variable information availability commonly encountered in outpatient practice. By generating ranked component-wise recommendations and high-confidence threshold-calibrated outputs, the framework may support clinician decision-making in routine orthotic practice. Further prospective validation will be required to determine its clinical utility.

© Ji-Yong Jung, Wooyeol Yang, Jung-Ja Kim. Originally published in JMIR Medical Informatics (https://medinform.jmir.org).","theoretical, modeling, or simulation study","JMIR Medical Informatics","1","10.2196/92831","https://consensus.app/papers/a-hierarchical-machine-learning%E2%80%93based-framework-for-jung-yang/b542cfb4c52e534e9e9524495f8a66bd/"
"An Artificial Intelligence-driven Revolution in Orthopedic Surgery and Sports Medicine.","AI in orthopedics has the potential to revolutionize early diagnosis and treatment, revolutionizing clinical applications in precision diagnostics, treatment assistance, rehabilitation monitoring, and educational research.","Jiekai Guan, Zuhao Li, Shihao Sheng, Qiushui Lin, Sicheng Wang, Dongliang Wang, Xiao Chen, Jia-Can Su",2024,21,"With the advancement of population aging, the incidence of orthopedic diseases increases annually. The early diagnosis and precise treatment of many orthopedic diseases still require advancements in technology to address effectively. With the rapid development of artificial intelligence (AI), this technology is expected to achieve early diagnosis and improved treatment of many diseases, providing revolutionary changes in clinical. However, the integration of AI in orthopedics is still in its infancy, and its existing intelligent algorithms have been clinically applied models and their advantages need to be further summarized to pave the way for future development and exploration. The review provides a concise overview of the basic concepts and mechanisms of AI in orthopedics, and summarizes orthopedic surgery and sports medicine in four areas of application and development, specifically, developing precision diagnostics, assisting treatment, monitoring assisted during rehabilitation, and enhancing educational research and data analysis. In this section, the main focus is on each aspect of the AI programs that are now used in clinical applications, and also comparing them to the purely manual results. In conclusion, the continued application and development of AI are anticipated to enhance our understanding of the diagnosis, progression, and prognosis of orthopedic diseases, ultimately laying the groundwork for more effective clinical applications.

Copyright © 2025 The Author(s). Published by Wolters Kluwer Health, Inc.","literature review","International journal of surgery","1","10.1097/js9.0000000000002187","https://consensus.app/papers/an-artificial-intelligencedriven-revolution-in-guan-li/f92f4e223abb54d480dc5d8bc78065d3/"
"Comparisons of Machine Learning Models to Logistic Regression in Orthopedic Sports Medicine are Confounded by Methodological Heterogeneity: A Systematic Review and Meta-Analysis.","Random forest models show superior performance in orthopedic sports medicine, but no conclusive recommendations can be made regarding the superiority of machine learning over logistic regression due to methodological heterogeneity.","Yi-Ning Lu, Henry Eilen, Ayoosh Pareek, Matthew Varano, Ryan R. Wilbur, Ophelie Z. Lavoie-Gagne, A. Krych, Christopher L. Camp, Kelechi R. Okoroha, Brian Forsythe",2026,2,"","meta-analysis","Journal of ISAKOS : joint disorders & orthopaedic sports medicine","1","10.1016/j.jisako.2026.101088","https://consensus.app/papers/comparisons-of-machine-learning-models-to-logistic-lu-eilen/5e95c4ec204354efa137f4eff9db67a9/"
"Large Language Model Predicts Surgeon Recommendations for Imaging and Surgery for Patients Presenting for Knee and Shoulder Complaints With 70% and 81% Accuracy Using Previsit Questionnaire Responses.","The pretrained large language model accurately predicts orthopaedic surgeon recommendations for imaging and surgery using previsit questionnaire responses for knee and shoulder complaints with 70% accuracy and 81% accuracy when augmented with radiology reports.","Ryan T. Halvorson, Timothy Keeley, K. Niknam, T. Zack, S. Majumdar, Brian T. Feeley, Alan L. Zhang, Drew A. Lansdown",2026,1,"Purpose: To validate the performance of a pretrained large language model (LLM) in predicting orthopaedic surgeon recommendations for management of newly referred patients, using free-text previsit questionnaire responses as input.

Methods: This retrospective cross-sectional study included new patients visiting an orthopaedic sports medicine clinic between 2020 and 2023. Using zero-shot prompting, the LLM analyzed previsit questionnaire responses (e.g., ""When did you start to have pain?"") to predict whether patients required advanced imaging and/or surgical intervention. The LLM was blinded to all other clinical information, including surgeon notes, physical exams, or referral data. Model predictions were evaluated with accuracy, sensitivity, and specificity in comparison to actual surgeon-generated plans. For a subset of patients who had undergone advanced imaging, the LLM was augmented with free-text radiology reports and asked to provide updated surgical recommendations.

Results: In the combined cohort of 1141 patients, the LLM predicted surgeon recommendation for advanced imaging with 70% accuracy, 83% sensitivity, and 64% specificity using previsit questionnaire responses alone. Imaging predictions were accurate for common diagnoses, including anterior cruciate ligament (ACL, 94%), meniscus (85%), and rotator cuff (80%) injuries but poor for knee (54%) and shoulder arthritis (66%). When augmented with imaging reports, the LLM predicted recommendations for surgery with 81% accuracy, 88% sensitivity, and 72% specificity. Surgical predictions were highly accurate for ACL (93%), meniscus (78%), rotator cuff (83%), and shoulder instability related pathologies (78%).

Conclusions: Using previsit questionnaire data from new orthopaedic patients with knee and shoulder complaints, the pretrained LLM showed 70% accuracy for imaging recommendations, and the augmented surgical-decision LLM showed 81% accuracy for surgical recommendations.

Level of evidence: Level III, retrospective diagnostic case-control study.

© 2026 the Arthroscopy Association of North America.","theoretical, modeling, or simulation study","Arthroscopy : the journal of arthroscopic & related surgery : official publication of the Arthroscopy Association of North America and the International Arthroscopy Association","1","10.1002/arj.70016","https://consensus.app/papers/large-language-model-predicts-surgeon-recommendations-halvorson-keeley/6746a55136c3577fad1a705f2dd7215b/"
"Assessing AI in Various Elements of Enhanced Recovery After Surgery (ERAS)-Guided Ankle Fracture Treatment: A Comparative Analysis with Expert Agreement","AI-powered LLMs, particularly ChatGPT, show promise in supporting clinical decision-making for ERAS-guided ankle fracture management, but further refinement and validation are needed to optimize AI-generated medical advice.","Rui Wang, Xuanming Situ, Xu Sun, Jinchang Zhan, Xi Liu",2025,4,"Objective: This study aimed to assess and compare the performance of ChatGPT and iFlytek Spark, two AI-powered large language models (LLMs), in generating clinical recommendations aligned with expert consensus on Enhanced Recovery After Surgery (ERAS)-guided ankle fracture treatment. This study aims to determine the applicability and reliability of AI in supporting ERAS protocols for optimized patient outcomes.

Methods: A qualitative comparative analysis was conducted using 35 structured clinical questions derived from the Expert Consensus on Optimizing Ankle Fracture Treatment Protocols under ERAS Principles. Questions covered preoperative preparation, intraoperative management, postoperative pain control and rehabilitation, and complication management. Responses from ChatGPT and iFlytek Spark were independently evaluated by two experienced trauma orthopedic specialists based on clinical relevance, consistency with expert consensus, and depth of reasoning.

Results: ChatGPT demonstrated higher alignment with expert consensus (29/35 questions, 82.9%), particularly in comprehensive perioperative recommendations, detailed medical rationales, and structured treatment plans. However, discrepancies were noted in intraoperative blood pressure management and preoperative antiemetic selection. iFlytek Spark aligned with expert consensus in 22/35 questions (62.9%), but responses were often more generalized, less clinically detailed, and occasionally inconsistent with best practices. Agreement between ChatGPT and iFlytek Spark was observed in 23/35 questions (65.7%), with ChatGPT generally exhibiting greater specificity, timeliness, and precision in its recommendations.

Conclusion: AI-powered LLMs, particularly ChatGPT, show promise in supporting clinical decision-making for ERAS-guided ankle fracture management. While ChatGPT provided more accurate and contextually relevant responses, inconsistencies with expert consensus highlight the need for further refinement, validation, and clinical integration. iFlytek Spark's lower conformity suggests potential differences in training data and underlying algorithms, underscoring the variability in AI-generated medical advice. To optimize AI's role in orthopedic care, future research should focus on enhancing AI alignment with medical guidelines, improving model transparency, and integrating physician oversight to ensure safe and effective clinical applications.

© 2025 Wang et al.","theoretical, modeling, or simulation study","Journal of Multidisciplinary Healthcare","1","10.2147/jmdh.s508511","https://consensus.app/papers/assessing-ai-in-various-elements-of-enhanced-recovery-wang-situ/ef645b8191595d0e9954d56670142544/"
"Translating clinical and patient-reported data to tailored shared decision reports with predictive analytics for knee and hip arthritis","This web-based system effectively generates tailored shared decision reports with predictive analytics for knee and hip arthritis patients, supporting shared surgical decisions.","P. Franklin, Hua Zheng, C. Bond, D. Lavallee",2020,36,"Introduction: New informatics tools can transform evidence-based information to individualized predictive reports to serve shared decisions in clinic. We developed a web-based system to collect patient-reported outcomes (PROs) and medical risk factors and to compare responses to national registry data. The system generates predicted outcomes for individual patients and a report for use in clinic to support decisions. We present the report development, presentation, and early experience implementing this PRO-based, shared decision report for knee and hip arthritis patients seeking orthopedic evaluation.

Methods: Iterative patient and clinician interviews defined report content and visual display. The web-system supports: (a) collection of PROs and risk data at home or in office, (b) automated statistical processing of responses compared to national data, (c) individualized estimates of likely pain relief and functional gain if surgery is elected, and (d) graphical reports to support shared decisions. The system was implemented at 12 sites with 26 surgeons in an ongoing cluster randomized trial.

Results: Clinicians and patients recommended that pain and function as well as clinical risk factors (e.g., BMI, smoking) be presented to frame the discussion. Color and graphics support patient understanding. To date, 7891 patients completed the assessment before the visit and 56% consented to study participation. Reports were generated for 98% of patients and 68% of patients recalled reviewing the report with their surgeon.

Conclusions: Informatics solutions can generate timely, tailored office reports including PROs and predictive analytics. Patients successfully complete the pre-visit PRO assessments and clinicians and patients value the report to support shared surgical decisions.

© 2020. The Author(s).","other","Quality of Life Research","1","10.1007/s11136-020-02557-8","https://consensus.app/papers/translating-clinical-and-patientreported-data-to-franklin-zheng/4c06f85cf31a5f54bfa9f8e7be8e67a7/"
"Machine learning models for predicting treatment outcomes in chronic non-specific back pain patients undergoing lumbar extension traction","Machine learning models, particularly XGBoost and Random Forest, effectively predict lumbar extension traction outcomes in chronic non-specific low back pain patients, supporting personalized treatment strategies.","I. Moustafa, D. Ozsahin, M. T. Mustapha, S. Zadeh, I. Khowailed, P. Oakley, D. Harrison",2026,4,"Conservative treatment for chronic non-specific low back pain (CLBP) includes lumbar extension traction (LET) to re-align lumbar lordosis (LL). This study explores the use of machine learning (ML) models to predict post-treatment outcomes in patients with CLBP undergoing LET and how these predictions can support clinical decision-making. We utilized a retrospective database of 431 consecutive patients with uncomplicated CLBP. Post-treatment variables predicted included LL, NRS pain score, and Oswestry Disability Index (ODI). Input model variables included pre-treatment LL, sacral base angle (SBA), ratio of LL/SBA fit type, NRS, ODI, frequency, duration, LET compliance, and demographic variables of age and BMI. Initial variables were analyzed to predict post-treatment outcomes. Three ML models—Random Forest (RF), XGBoost, and Multilayer Perceptron (MLP)—were employed to handle both continuous and categorical variables, and performance was evaluated for predictive accuracy. Factors affecting outcomes were identified using Shapley Additive Explanations. Treatment was a multimodal spine rehabilitation program featuring LET applied 3–6 times per week, varied between 4 and 10 weeks, and follow-up was performed at the end of care. Improvements in LL, NRS, and ODI were − 11.5° to − 23.6°, 7.3/10 to 3.3/10, and 33.2% to 10.4%, respectively. Among the ML models, XGBoost demonstrated the highest predictive accuracy for lumbar lordotic angle (R2 = 0.728) and pain score (R2 = 0.648), while Random Forest slightly outperformed XGBoost for ODI (0.631 vs. 0.616). MLP performed poorly for ODI predictions (R2 = 0.201), indicating difficulty in capturing functional disability patterns. SHAP analysis identified fit type, compliance, traction frequency, pre-treatment lumbar curve, and BMI as the most influential predictors. These predictors offer actionable insight for clinical decision-making by allowing clinicians to stratify patients based on predicted responsiveness, tailor LET frequency and duration, and educate patients on the importance of compliance. This study demonstrates that ML models, particularly XGBoost and Random Forest, can effectively predict LET outcomes, supporting personalized treatment strategies for CLBP patients.","theoretical, modeling, or simulation study","Scientific Reports","1","10.1038/s41598-026-38059-9","https://consensus.app/papers/machine-learning-models-for-predicting-treatment-moustafa-ozsahin/b24505cf4c0c5dd480e5eb5986ed5709/"
"How to Develop and Validate Prediction Models for Orthopedic Outcomes","Prediction models can be valuable tools for supporting surgical decision-making in arthroplasty, but require robust construction and validation for widespread adoption in clinical practice.","I. Zaniletti, D. Larson, D. Lewallen, D. Berry, H. Maradit Kremers",2022,13,"","other","The Journal of arthroplasty","1","10.1016/j.arth.2022.12.032","https://consensus.app/papers/how-to-develop-and-validate-prediction-models-for-zaniletti-larson/82d328c8719c59f5a73aa44dde1b9415/"
"Artificial Intelligence and Orthopaedics: An Introduction for Clinicians.","AI in orthopaedics can improve care and reduce physician burnout, but ethical issues and clinical superiority need to be addressed.","Thomas G. Myers, P. Ramkumar, B. Ricciardi, K. Urish, Jens Kipper, C. Ketonis",2020,179,"➤ Artificial intelligence (AI) provides machines with the ability to perform tasks using algorithms governed by pattern recognition and self-correction on large amounts of data to narrow options in order to avoid errors. ➤ The 4 things necessary for AI in medicine include big data sets, powerful computers, cloud computing, and open source algorithmic development. ➤ The use of AI in health care continues to expand, and its impact on orthopaedic surgery can already be found in diverse areas such as image recognition, risk prediction, patient-specific payment models, and clinical decision-making. ➤ Just as the business of medicine was once considered outside the domain of the orthopaedic surgeon, emerging technologies such as AI warrant ownership, leverage, and application by the orthopaedic surgeon to improve the care that we provide to the patients we serve. ➤ AI could provide solutions to factors contributing to physician burnout and medical mistakes. However, challenges regarding the ethical deployment, regulation, and the clinical superiority of AI over traditional statistics and decision-making remain to be resolved.","other","The Journal of bone and joint surgery. American volume","1","10.2106/jbjs.19.01128","https://consensus.app/papers/artificial-intelligence-and-orthopaedics-an-myers-ramkumar/186587edaeb052b98304297747506eeb/"
"Causal machine learning for predicting treatment outcomes","Causal machine learning can predict treatment outcomes, enabling personalized clinical decision-making based on individual patient profiles.","S. Feuerriegel, Dennis Frauen, Valentyn Melnychuk, J. Schweisthal, Konstantin Hess, Alicia Curth, S. Bauer, Niki Kilbertus, Isaac S. Kohane, M. van der Schaar",2024,399,"Causal machine learning (ML) offers flexible, data-driven methods for predicting treatment outcomes including efficacy and toxicity, thereby supporting the assessment and safety of drugs. A key benefit of causal ML is that it allows for estimating individualized treatment effects, so that clinical decision-making can be personalized to individual patient profiles. Causal ML can be used in combination with both clinical trial data and real-world data, such as clinical registries and electronic health records, but caution is needed to avoid biased or incorrect predictions. In this Perspective, we discuss the benefits of causal ML (relative to traditional statistical or ML approaches) and outline the key components and steps. Finally, we provide recommendations for the reliable use of causal ML and effective translation into the clinic.

© 2024. Springer Nature America, Inc.","other","Nature Medicine","1","10.1038/s41591-024-02902-1","https://consensus.app/papers/causal-machine-learning-for-predicting-treatment-feuerriegel-frauen/38bc675c1be6549d97e33848a33f9f9f/"
"Predictive Models for Clinical Outcomes in Total Knee Arthroplasty: A Systematic Analysis","Preoperative pain and PROM scores are highly predictive for clinical outcomes after total knee arthroplasty, while demographics and knee alignment show less strong correlations.","C. Batailler, T. Lording, D. De Massari, S. Witvoet-Braam, S. Bini, S. Lustig",2021,46,"","systematic review","Arthroplasty Today","1","10.1016/j.artd.2021.03.013","https://consensus.app/papers/predictive-models-for-clinical-outcomes-in-total-knee-batailler-lording/dfa11527120b5d989b80bab745cf9ae0/"
"Artificial intelligence in orthopaedics: A scoping review","AI is growing in orthopaedics, but its scope and sub-specialty areas of study remain limited.","S. Federer, G. Jones",2021,69,"There is a growing interest in the application of artificial intelligence (AI) to orthopaedic surgery. This review aims to identify and characterise research in this field, in order to understand the extent, range and nature of this work, and act as springboard to stimulate future studies. A scoping review, a form of structured evidence synthesis, was conducted to summarise the use of AI in orthopaedics. A literature search (1946-2019) identified 222 studies eligible for inclusion. These studies were predominantly small and retrospective. There has been significant growth in the number of papers published in the last three years, mainly from the USA (37%). The majority of research used AI for image interpretation (45%) or as a clinical decision tool (25%). Spine (43%), knee (23%) and hip (14%) were the regions of the body most commonly studied. The application of artificial intelligence to orthopaedics is growing. However, the scope of its use so far remains limited, both in terms of its possible clinical applications, and the sub-specialty areas of the body which have been studied. A standardized method of reporting AI studies would allow direct assessment and comparison. Prospective studies are required to validate AI tools for clinical use.","systematic review","PLoS ONE","1","10.1371/journal.pone.0260471","https://consensus.app/papers/artificial-intelligence-in-orthopaedics-a-scoping-review-federer-jones/01ccdeae38e652bd8da222e6e7328039/"
"Who Is the Surgeon Now: Human Hands or Machine Minds? Artificial Intelligence in Orthopedics from Diagnosis to Follow-Up—A Structured Narrative Review","AI in orthopedics can augment human expertise, improving triage and standardizing quantification, but safe clinical translation requires external validation and human-in-the-loop workflows.","Furkan Yapıcı",2026,1,"Background: Artificial intelligence (AI) is transitioning from proof-of-concept prototypes to clinically utilized tools in orthopedics. The key translational question is whether AI will replace surgeons or, more realistically, augment human expertise. Methods: A structured narrative review was conducted using PubMed/MEDLINE, Web of Science, and Google Scholar (completed 31 January 2026). Peer-reviewed English-language studies that utilized AI for orthopedic clinical problems were eligible. To synthesize the 73 included papers without forced quantitative pooling, evidence was qualitatively charted and organized using a four-axis framework: clinical task, data modality, validation maturity, and intended user/setting. Results: The evidence base was dominated by retrospective, imaging-centered AI studies (predominantly LOE III). Radiograph-based fracture detection and automated measurements were frequently reported to achieve high discrimination, though performance degraded in complex or ""edge"" cases. Predictive models for arthroplasty and spine outcomes demonstrated variable actionability and inconsistent reporting of calibration. Common translational barriers across subspecialties included limited external validation, dataset shift, and a scarcity of prospective impact studies. Conclusions: Current evidence supports an augmentation paradigm rather than a replacement paradigm. AI acts as a ""co-surgeon,"" improving triage and standardizing quantification. However, safe clinical translation requires representative external validation, rigorous failure analysis, and human-in-the-loop workflows where surgeons retain ultimate accountability.","systematic review","Journal of Clinical Medicine","1","10.3390/jcm15062165","https://consensus.app/papers/who-is-the-surgeon-now-human-hands-or-machine-minds-yap%C4%B1c%C4%B1/09f3461612a8517c94df00bf657ad123/"
"A pilot study on the efficacy of GPT-4 in providing orthopedic treatment recommendations from MRI reports","GPT-4 provides largely accurate and clinically useful treatment recommendations for common knee and shoulder conditions, but may be inadequate in certain situations.","D. Truhn, Christian D. Weber, B. Braun, K. Bressem, Jakob Nikolas Kather, C. Kuhl, S. Nebelung",2023,75,"Large language models (LLMs) have shown potential in various applications, including clinical practice. However, their accuracy and utility in providing treatment recommendations for orthopedic conditions remain to be investigated. Thus, this pilot study aims to evaluate the validity of treatment recommendations generated by GPT-4 for common knee and shoulder orthopedic conditions using anonymized clinical MRI reports. A retrospective analysis was conducted using 20 anonymized clinical MRI reports, with varying severity and complexity. Treatment recommendations were elicited from GPT-4 and evaluated by two board-certified specialty-trained senior orthopedic surgeons. Their evaluation focused on semiquantitative gradings of accuracy and clinical utility and potential limitations of the LLM-generated recommendations. GPT-4 provided treatment recommendations for 20 patients (mean age, 50 years ± 19 [standard deviation]; 12 men) with acute and chronic knee and shoulder conditions. The LLM produced largely accurate and clinically useful recommendations. However, limited awareness of a patient's overall situation, a tendency to incorrectly appreciate treatment urgency, and largely schematic and unspecific treatment recommendations were observed and may reduce its clinical usefulness. In conclusion, LLM-based treatment recommendations are largely adequate and not prone to 'hallucinations', yet inadequate in particular situations. Critical guidance by healthcare professionals is obligatory, and independent use by patients is discouraged, given the dependency on precise data input.

© 2023. The Author(s).","cross-sectional study","Scientific Reports","1","10.1038/s41598-023-47500-2","https://consensus.app/papers/a-pilot-study-on-the-efficacy-of-gpt4-in-providing-truhn-weber/36f077dfc90f51b6a1b5cb927429450f/"
"A practical guide to the implementation of artificial intelligence in orthopaedic research—Part 3: How orthopaedic research benefits from the implementation of artificial intelligence","AI implementation in orthopaedics offers benefits in image evaluation, surgical planning, outcome prediction, cohort identification, and administrative tasks, while addressing challenges in producing high-quality AI-based research.","J. Pruneski, Ayoosh Pareek, Bálint Zsidai, Jacob F. Oeding, Jonathan D. Hughes, F. Oettl, Philipp W. Winkler, Thomas Tischer, Elmar Herbst, A. Grassi, M. Hirschmann, C. Ley, Yinan Yu, Kristian Samuelsson",2025,3,"Artificial intelligence (AI) encompasses the development of systems that can perform human-like tasks, such as treatment guidance, decision-making, pattern recognition and understanding language. Within AI, machine learning and deep learning play pivotal roles in diagnosis and outcome prediction, while natural language processing aids in synthesising large datasets from the electronic medical record. In orthopaedics, AI has demonstrated success in various areas, including image evaluation, surgical planning, outcome prediction, cohort identification and administrative tasks. The purpose of this manuscript was to provide an overview of the benefits of AI implementation within the field of orthopaedics. An additional goal was to address the challenges associated with producing high quality AI-based research in a rapidly developing field.

Level of Evidence: Level IV.

© 2025 The Author(s). Journal of Experimental Orthopaedics published by John Wiley & Sons Ltd on behalf of European Society of Sports Traumatology, Knee Surgery and Arthroscopy.","other","Journal of Experimental Orthopaedics","1","10.1002/jeo2.70481","https://consensus.app/papers/a-practical-guide-to-the-implementation-of-artificial-pruneski-pareek/a667ac7ac541568095441017d8cc2743/"
"ChatGPT in orthopedics: a narrative review exploring the potential of artificial intelligence in orthopedic practice","ChatGPT shows potential in orthopedics, but further research and development are needed to ensure its reliability, accuracy, and ethical use in patient care.","R. Giorgino, Mario Alessandri-Bonetti, A. Luca, Filippo Migliorini, N. Rossi, G. Peretti, L. Mangiavini",2023,66,"The field of orthopedics faces complex challenges requiring quick and intricate decisions, with patient education and compliance playing crucial roles in treatment outcomes. Technological advancements in artificial intelligence (AI) can potentially enhance orthopedic care. ChatGPT, a natural language processing technology developed by OpenAI, has shown promise in various sectors, including healthcare. ChatGPT can facilitate patient information exchange in orthopedics, provide clinical decision support, and improve patient communication and education. It can assist in differential diagnosis, suggest appropriate imaging modalities, and optimize treatment plans based on evidence-based guidelines. However, ChatGPT has limitations, such as insufficient expertise in specialized domains and a lack of contextual understanding. The application of ChatGPT in orthopedics is still evolving, with studies exploring its potential in clinical decision-making, patient education, workflow optimization, and scientific literature. The results indicate both the benefits and limitations of ChatGPT, emphasizing the need for caution, ethical considerations, and human oversight. Addressing training data quality, biases, data privacy, and accountability challenges is crucial for responsible implementation. While ChatGPT has the potential to transform orthopedic healthcare, further research and development are necessary to ensure its reliability, accuracy, and ethical use in patient care.

© 2023 Giorgino, Alessandri-Bonetti, Luca, Migliorini, Rossi, Peretti and Mangiavini.","literature review","Frontiers in Surgery","2","10.3389/fsurg.2023.1284015","https://consensus.app/papers/chatgpt-in-orthopedics-a-narrative-review-exploring-the-giorgino-alessandri-bonetti/bebe084fbef955f2986775a11b68e11f/"
"Artificial Intelligence in the Management of Anterior Cruciate Ligament Injuries","AI shows promise in predicting, diagnosing, and managing ACL injuries, but challenges need to be addressed before widespread use.","J. Corban, Justin-Pierre Lorange, Carl Laverdière, Jason Khoury, Gil Rachevsky, M. Burman, P. Martineau",2021,40,"Background: Technological innovation is a key component of orthopaedic surgery. With the integration of powerful technologies in surgery and clinical practice, artificial intelligence (AI) may become an important tool for orthopaedic surgeons in the future. Through adaptive learning and problem solving that serve to constantly increase accuracy, machine learning algorithms show great promise in orthopaedics.

Purpose: To investigate the current and potential uses of AI in the management of anterior cruciate ligament (ACL) injury.

Study design: Systematic review; Level of evidence, 3.

Methods: A systematic review of the PubMed, MEDLINE, Embase, Web of Science, and SPORTDiscus databases between their start and August 12, 2020, was performed by 2 independent reviewers. Inclusion criteria included application of AI anywhere along the spectrum of predicting, diagnosing, and managing ACL injuries. Exclusion criteria included non-English publications, conference abstracts, review articles, and meta-analyses. Statistical analysis could not be performed because of data heterogeneity; therefore, a descriptive analysis was undertaken.

Results: A total of 19 publications were included after screening. Applications were divided based on the different stages of the clinical course in ACL injury: prediction (n = 2), diagnosis (n = 12), intraoperative application (n = 1), and postoperative care and rehabilitation (n = 4). AI-based technologies were used in a wide variety of applications, including image interpretation, automated chart review, assistance in the physical examination via optical tracking using infrared cameras or electromagnetic sensors, generation of predictive models, and optimization of postoperative care and rehabilitation.

Conclusion: There is an increasing interest in AI among orthopaedic surgeons, as reflected by the applications for ACL injury presented in this review. Although some studies showed similar or better outcomes using AI compared with traditional techniques, many challenges need to be addressed before this technology is ready for widespread use.

© The Author(s) 2021.","systematic review","Orthopaedic Journal of Sports Medicine","1","10.1177/23259671211014206","https://consensus.app/papers/artificial-intelligence-in-the-management-of-anterior-corban-lorange/40d6e8a1df5f5731910b9a40a7b5e313/"
"Stratified care in hip arthroscopy: can we predict successful and unsuccessful outcomes? Development and external temporal validation of multivariable prediction models","Common clinical variables can predict the probability of having an unsuccessful outcome 1 year after hip arthroscopy, aiding shared decision-making between surgeon and patient.","Lasse Ishøi, K. Thorborg, T. Kallemose, J. Kemp, M. Reiman, M. Nielsen, P. Hölmich",2023,7,"Objective: Although hip arthroscopy is a widely adopted treatment option for hip-related pain, it is unknown whether preoperative clinical information can be used to assist surgical decision-making to avoid offering surgery to patients with limited potential for a successful outcome. We aimed to develop and validate clinical prediction models to identify patients more likely to have an unsuccessful or successful outcome 1 year post hip arthroscopy based on the patient acceptable symptom state.

Methods: Patient records were extracted from the Danish Hip Arthroscopy Registry (DHAR). A priori, 26 common clinical variables from DHAR were selected as prognostic factors, including demographics, radiographic parameters of hip morphology and self-reported measures. We used 1082 hip arthroscopy patients (surgery performed 25 April 2012 to 4 October 2017) to develop the clinical prediction models based on logistic regression analyses. The development models were internally validated using bootstrapping and shrinkage before temporal external validation was performed using 464 hip arthroscopy patients (surgery performed 5 October 2017 to 13 May 2019).

Results: The prediction model for unsuccessful outcomes showed best and acceptable predictive performance on the external validation dataset for all multiple imputations (Nagelkerke R2 range: 0.25-0.26) and calibration (intercept range: -0.10 to -0.11; slope range: 1.06-1.09), and acceptable discrimination (area under the curve range: 0.76-0.77). The prediction model for successful outcomes did not calibrate well, while also showing poor discrimination.

Conclusion: Common clinical variables including demographics, radiographic parameters of hip morphology and self-reported measures were able to predict the probability of having an unsuccessful outcome 1 year after hip arthroscopy, while the model for successful outcome showed unacceptable accuracy. The externally validated prediction model can be used to support clinical evaluation and shared decision making by informing the orthopaedic surgeon and patient about the risk of an unsuccessful outcome, and thus when surgery may not be appropriate.

© Author(s) (or their employer(s)) 2023. No commercial re-use. See rights and permissions. Published by BMJ.","other","British Journal of Sports Medicine","1","10.1136/bjsports-2022-105534","https://consensus.app/papers/stratified-care-in-hip-arthroscopy-can-we-predict-ish%C3%B8i-thorborg/44795465ac7c580ea13d07967dd2231c/"
"Machine learning predicts clinical response to platelet-rich plasma therapy in knee osteoarthritis","Machine learning models effectively predict platelet-rich plasma therapy outcomes in knee osteoarthritis patients, with osmotic pressure, lipoprotein(a), and uric acid being key predictors.","Hao-Kang Zhang, Xin-Hua Yang, Tian-Xiang Geng, Ruofei Wang, Guishi Li",2026,2,"Objective: The purpose of the study is to predict clinical responses to platelet-rich plasma (PRP) therapy in patients with knee osteoarthritis (KOA) before treatment and to identify the crucial efficacy predictors.

Methods: We reviewed the multidimensional clinical data of 102 KOA patients who underwent PRP therapy with a retrospective approach, including anthropometrics and blood indices. We defined the response to treatment as a reduction in the Numerical Rating Scale (NRS) pain score of ≥2 at the 6-month follow-up. After comprehensive data preprocessing, including imputation, Yeo-Johnson transformation, standardization, and balancing via SMOTETomek, 33 clinical features were retained. We then created and verified multiple machine learning models using 10-fold cross-validation (CV) on a 70% training cohort. The most effective model was subsequently validated on the 30% test cohort, and feature contributions were interpreted using SHapley Additive exPlanations (SHAP) analysis.

Results: The Gradient Boosting Classifier showed the best overall performance among all tested models. The final model achieved a prediction accuracy of 90.3%, an area under the curve (AUC) of 0.862, and a Cohen's kappa coefficient of 0.611 on the test set, indicating high predictive consistency. The SHAP interpretability analysis revealed three biomarkers-osmotic pressure, lipoprotein(a) [Lp(a)], and uric acid-as the clinical factors most strongly associated with treatment response.

Conclusion: Clinical character-based machine learning models are effective in predicting PRP therapy outcomes prior to treatment. Such results provide a strong basis for introducing individualized therapeutic modalities in the management of osteoarthritis.

Copyright © 2026 Zhang, Yang, Geng, Wang and Li.","theoretical, modeling, or simulation study","Frontiers in Medicine","1","10.3389/fmed.2026.1787872","https://consensus.app/papers/machine-learning-predicts-clinical-response-to-zhang-yang/6c0107569bed55c29ea642cf8332e8e8/"
"Predicting patient outcomes and risk for revision surgery after hip and knee replacement surgery: study protocol for a comparison of modelling approaches using the Swiss National Joint Registry (SIRIS)","Machine learning algorithms can improve the prediction of patient outcomes and revision surgery risk after hip and knee replacement surgery, but their performance needs further validation.","Léonie Hofstetter, Nathalie Schweyckart, C. Seiler, Christian Brand, L. Rosella, Mazda Farshad, M. Puhan, C. Hincapié",2025,3,"Background: Prediction of postoperative patient-reported outcomes and risk for revision surgery after total hip arthroplasty (THA) or total knee arthroplasty (TKA) can inform clinical decision-making, health resource allocation, and care planning. Machine learning (ML) algorithms are increasingly used as an alternative to traditional logistic regression (LR) prediction, but there is uncertainty about their superiority in overall model performance. The aim of this study is to compare the predictive performance of LR with different ML approaches for predicting patient outcomes and risk for revision surgery after THA and TKA.

Methods: A population-based historical cohort study will be developed using routinely collected data from all primary and revision THA and TKA procedures performed in Switzerland and registered in the Swiss National Joint Registry (SIRIS). Patients of age ≥ 18 years with surgery for primary osteoarthritis from 01 January 2015 up to 31 December 2023 will be included. Outcomes of interest will be (1) 12-month postoperative poor pain outcome (defined as < 50% improvement of pain or < 3 absolute reduction in pain on a 11-point (0 to 10) numeric rating scale) and poor satisfaction outcome, and (2) early revision within 5 years after primary surgery. Prespecified predictor variables will include demographic characteristics, comorbidity score, patient-reported health status measures, and surgical variables. Measures of overall predictive accuracy, discrimination, and calibration will be used to compare predictive performance, and decision curve analysis performed to evaluate the clinical usefulness of models. The models will be internally validated using cross-validation and externally validated using geographical validation. Development of the models will be informed by the updated Transparent Reporting of a multivariable prediction model for Individual Prognosis or Diagnosis (TRIPOD + AI) statement.

Discussion: This study will develop, validate, and compare prediction models for postoperative patient-reported outcomes and risk for revision surgery after THA and TKA using SIRIS data.

© 2025. The Author(s).","other","Diagnostic and Prognostic Research","","10.1186/s41512-025-00200-z","https://consensus.app/papers/predicting-patient-outcomes-and-risk-for-revision-surgery-hofstetter-schweyckart/2827356bab4153f79920c53f77c97c0b/"
"Artificial intelligence and robotics in TKA surgery: promising options for improved outcomes?","AI and machine learning show promise in personalized total knee arthroplasty, potentially improving outcomes and reducing unhappy patients.","R. von Eisenhart-Rothe, F. Hinterwimmer, H. Graichen, M. Hirschmann",2022,33,"Digitalisation has entered Orthopaedics in the last decade, and is meanwhile a relevant part of pre-, intra-, and postoperative processes. Thereby, the transformation away from an experience-based to a data-based more patient-specific treatment is the basis for an extensive analysis of various parameters and its interpretation regarding their relevance during the treatment pathway. In different fields of daily life, artificial intelligence (AI) and, especially, machine learning (ML) have shown to use, analyse, and interpret enormous amount of data and based on intelligent algorithms to improve finally quality along the process. Machine learning represents a distinct application of AI, which describes algorithms for automatic and incremental function optimization. This can be used to make predictions by detecting non-linear relationships in large data sets [5]. Both offer tremendous new possibilities and clearly are promising options for the field of orthopaedic surgery, and in particular for total knee arthroplasty (TKA). Here, patients were treated in a standardized manner over long periods of time with the goal of achieving the same alignment while neglecting individual or personal variations in alignment and morphology variations [3]. While the goal was always the same, the individual knees and especially the alignment and shape were not. From today's perspective, you do not have to be a rocket scientist to understand that due to the variability of anatomy, personalized targeting is the future. Therefore, many knee surgeons strive to personalize their alignment goals, but without knowing the consequences of the changes made. The safe transition from a purely standard mechanical alignment to a more personalized alignment might be a rocky road [13]. To make the road a less rocky or paved one, it is of utmost importance to have support from state-of-theart data analysis tools to answer pertinent questions such as [12]: which is the best alignment goal for which phenotype? What are the phenotypic clinical and functional outcomes after different types of personalized alignment strategies? Finally, having a tool supporting orthopaedic surgeons before any therapy is initiated, giving them the information, which treatment option or alignment strategy might be the most promising for a specific patient, would hopefully help to minimize the rate of the reported 20% unhappy patients after TKA. Moreover, the effect of further outcome-relevant parameters such as patient expectation, BMI, or compliance can be calculated and provide insight into their potential non-linear relation. Over the past decades, TKA surgery has strived for more and more precision to achieve a standard goal that is the same for all patients. In recent years, however, it was realised that our patient population not only implicates a wide variety of individual preoperative factors (e.g., activity levels, mental status, knee pathologies), but also various different anatomical knee parameters (bone morphology, ligamentous and soft-tissue morphology) [1, 2, 6, 7, 9]. This variation, which has not yet been fully understood, has recently led to a more individualized approach to treatment. However, the sheer quantity and interplay of parameters makes it difficult to understand which factor has which influence on which part of the result. Such complex analysis can only be performed with the help of AI and ML. Until now, only a few studies have been published using ML for prediction of complications, costs and outcome. The majority of these studies failed to show a potential of ML in TKA surgery [5]. However, a few have been able to show * Florian Hinterwimmer florian.hinterwimmer@tum.de","other","Knee Surgery, Sports Traumatology, Arthroscopy","1","10.1007/s00167-022-07035-x","https://consensus.app/papers/artificial-intelligence-and-robotics-in-tka-surgery-eisenhart-rothe-hinterwimmer/50362a43868e57db89de678445f70354/"
"Artificial intelligence in orthopaedics: Enhanced examinations, ambient intelligence and the future of clinical practice","AI-augmented vision systems, smart exam rooms, and automated clinical summaries can revolutionize orthopaedic care by increasing information, streamlining workflows, and improving patient understanding and compliance.","A. Bouterse, J. Pruneski, F. Oettl, Bálint Zsidai, Thomas Tischer, U. G. Longo, R. Seil, M. Hirschmann, Kristian Samuelsson",2026,1,"Artificial intelligence (AI) continues to rapidly transform the practice of medicine, with clinicians increasingly adopting data-driven decision-making aids and diagnostic support tools. Orthopaedic physicians are well poised to harness the capabilities of AI, with an abundance of quantifiable imaging, biomechanical data, and structured clinical parameters lending themselves to algorithmic interpretation and automation. Namely, AI-augmented vision systems may increase the breadth of information readily available to clinicians, whereas smart exam rooms and automated clinical summaries may soon streamline clinical workflows to decrease administrative burden and allow more time for direct patient care. Personalised education materials and visual aids may improve patient understanding and compliance, with the aim of optimising patient outcomes. Generative medical and orthopaedic event models may soon alter decision-making heuristics and improve patient counselling. While the widespread adaptation of AI into clinical practices is not without limitations, physicians will likely come to share an increasingly symbiotic relationship with these platforms throughout their continued evolution. Accordingly, it is imperative that current and future orthopaedic practitioners become well-versed in harnessing the capabilities of AI and continue to identify new avenues for such technologies to benefit clinicians and patients alike. As such, the current manuscript provides a narrative review of the potential future applications of AI within orthopaedic practices by exploring current and developing technologies and detailing how the continued integration of AI-powered systems may serve to revolutionise the delivery of orthopaedic care. LEVEL OF EVIDENCE: Level V.

© 2026 The Author(s). Knee Surgery, Sports Traumatology, Arthroscopy published by John Wiley & Sons Ltd on behalf of European Society of Sports Traumatology, Knee Surgery and Arthroscopy.","literature review","Knee Surgery, Sports Traumatology, Arthroscopy","1","10.1002/ksa.70339","https://consensus.app/papers/artificial-intelligence-in-orthopaedics-enhanced-bouterse-pruneski/1a3391eca3635b34a9b3a802614df03f/"
"Employing machine learning to enhance fracture recovery insights through gait analysis","XGBoost, an optimal machine learning model, can effectively predict post-injury complications in individuals with lower extremity fractures, enhancing patient outcomes through early detection and intervention.","Mostafa Rezapour, Rachel B. Seymour, Stephen H. Sims, M. Karunakar, Nahir A. Habet, M. Gurcan",2024,10,"This study aimed to explore the potential of gait analysis coupled with supervised machine learning models as a predictive tool for assessing post-injury complications such as infection, malunion, or hardware irritation among individuals with lower extremity fractures. We prospectively identified participants with lower extremity fractures at a tertiary academic center. These participants underwent gait analysis with a chest-mounted inertial measurement unit device. Using customized software, the raw gait data were preprocessed, emphasizing 12 essential gait variables. The data were standardized, and several machine learning models, including XGBoost, logistic regression, support vector machine, LightGBM, and Random Forest, were trained, tested, and evaluated. Special attention was given to class imbalance, addressed using the synthetic minority oversampling technique (SMOTE). Additionally, we introduced a novel methodology to compute the post-injury recovery rate for gait variables, which operates independently of the time difference between the gait analyses of different participants. XGBoost was identified as the optimal model both before and after the application of SMOTE. Before using SMOTE, the model achieved an average test area under the ROC curve (AUC) of 0.90, with a 95% confidence interval (CI) of [0.79, 1.00], and an average test accuracy of 86%, with a 95% CI of [75%, 97%]. Through feature importance analysis, a pivotal role was attributed to the duration between the occurrence of the injury and the initial gait analysis. Data patterns over time revealed early aggressive physiological compensations, followed by stabilization phases, underscoring the importance of prompt gait analysis. χ2 analysis indicated a statistically significant higher readmission rate among participants with underlying medical conditions (p = 0.04). Although the complication rate was also higher in this group, the association did not reach statistical significance (p = 0.06), suggesting a more pronounced impact of medical conditions on readmission rates rather than on complications. This study highlights the transformative potential of integrating advanced machine learning techniques like XGBoost with gait analysis for orthopedic care. The findings underscore a shift toward a data-informed, proactive approach in orthopedics, enhancing patient outcomes through early detection and intervention. The χ2 analysis added crucial insights into the broader clinical implications, advocating for a comprehensive treatment strategy that accounts for the patient's overall health profile. The research paves the way for personalized, predictive medical care in orthopedics, emphasizing the importance of timely and tailored patient assessments.

© 2024 The Authors. Journal of Orthopaedic Research® published by Wiley Periodicals LLC on behalf of Orthopaedic Research Society.","theoretical, modeling, or simulation study","Journal of Orthopaedic Research®","1","10.1002/jor.25837","https://consensus.app/papers/employing-machine-learning-to-enhance-fracture-recovery-rezapour-seymour/0b24da43e4495ec2876c7bd5fc7e4048/"
"Machine Learning Model Developed to Aid in Patient Selection for Outpatient Total Joint Arthroplasty","Machine learning models can aid in patient selection for outpatient total joint arthroplasty by accurately predicting short stay durations and outpatient vs inpatient cases.","C. Lopez, Jessica Ding, David P. Trofa, H. Cooper, J. Geller, T. Hickernell",2021,41,"","theoretical, modeling, or simulation study","Arthroplasty Today","1","10.1016/j.artd.2021.11.001","https://consensus.app/papers/machine-learning-model-developed-to-aid-in-patient-lopez-ding/b5fb89b19c2d5e98b5e5c3325003b0b8/"
"Artificial Intelligence (AI): A Potential Game Changer in Regenerative Orthopedics—A Scoping Review","AI technology, particularly machine learning and deep learning, can significantly improve cost-effective and non-invasive treatments in regenerative orthopedics.","R. Vaishya, Sakshi Dhall, A. Vaish",2024,19,"Background and Aims: Regenerative orthopedics involves approaches like stem cell therapy, platelet-rich plasma (PRP) therapy, the use of biological scaffold implants, tissue engineering, etc. We aim to present a scoping review of the role of artificial intelligence (AI) in different treatment approaches of regenerative orthopedics.

Methods: Using the PRISMA guidelines, a search for articles for the last ten years (2013-2024) on PubMed was done, using several keywords. We have discussed the state-of-the-art, strengths/benefits, and limitations of the published research, and provide a useful resource for the way ahead in future for researchers working in this area.

Results: Using the eligibility criteria out of 82 initially screened publications, we included 18 studies for this review. We noticed that the treatment responses to regenerative treatments depend on several factors; hence, to facilitate better comprehensive and patient-specific treatments, AI technology is very useful. Machine learning (ML) and deep learning (DL) are a few of the most frequently used AI techniques. They use a data-driven approach for training models to make human-like decisions. Data are fed to the ML/DL algorithm and the trained model makes classifications or predictions based on its learning.

Conclusion: The area of regenerative orthopedics is highly sophisticated and significantly aids in providing cost-effective and non-invasive treatments to patients suffering from orthopedic ailments and injuries. Due to its promising future, the use of AI in regenerative orthopedics is an emerging and promising research field; however, its universal clinical applications are associated with some ethical considerations, which need addressing.

Supplementary Information: The online version contains supplementary material available at 10.1007/s43465-024-01189-1.

© Indian Orthopaedics Association 2024. Springer Nature or its licensor (e.g. a society or other partner) holds exclusive rights to this article under a publishing agreement with the author(s) or other rightsholder(s); author self-archiving of the accepted manuscript version of this article is solely governed by the terms of such publishing agreement and applicable law.","systematic review","Indian Journal of Orthopaedics","3","10.1007/s43465-024-01189-1","https://consensus.app/papers/artificial-intelligence-ai-a-potential-game-changer-in-vaishya-dhall/71caa91300285633a135d997b8183a2d/"
"Artificial Intelligence and Arthroplasty at a Single Institution: Real-World Applications of Machine Learning to Big Data, Value-Based Care, Mobile Health, and Remote Patient Monitoring.","Machine learning-based models in arthroplasty can predict patient-specific value metrics and enable remote patient monitoring, potentially improving patient outcomes and orthopedics practice.","P. Ramkumar, Heather S. Haeberle, Michael R. Bloomfield, J. Schaffer, A. Kamath, B. M. Patterson, V. Krebs",2019,85,"","other","The Journal of arthroplasty","1","10.1016/j.arth.2019.06.018","https://consensus.app/papers/artificial-intelligence-and-arthroplasty-at-a-single-ramkumar-haeberle/9da9e45e58265488b4cb7fbb82ae58a5/"
"Machine Learning Can Predict Level of Improvement in Shoulder Arthroplasty","Machine learning can accurately predict the level of improvement in shoulder arthroplasty for glenohumeral osteoarthritis, potentially improving patient satisfaction by better managing expectations.","P. McLendon, Kaitlyn N. Christmas, P. Simon, O. Plummer, Audrey Hunt, A. Ahmed, M. Mighell, M. Frankle",2021,31,"The ability to accurately predict postoperative outcomes is of considerable interest in the field of orthopaedic surgery. Machine learning has been used as a form of predictive modeling in multiple health-care settings. The purpose of the current study was to determine whether machine learning algorithms using preoperative data can predict improvement in American Shoulder and Elbow Surgeons (ASES) scores for patients with glenohumeral osteoarthritis (OA) at a minimum of 2 years after shoulder arthroplasty.

Methods: This was a retrospective cohort study that included 472 patients (472 shoulders) diagnosed with primary glenohumeral OA (mean age, 68 years; 56% male) treated with shoulder arthroplasty (431 anatomic total shoulder arthroplasty and 41 reverse total shoulder arthroplasty). Preoperative computed tomography (CT) scans were used to classify patients on the basis of glenoid and rotator cuff morphology. Preoperative and final postoperative ASES scores were used to assess the level of improvement. Patients were separated into 3 improvement ranges of approximately equal size. Machine learning methods that related patterns of these variables to outcome ranges were employed. Three modeling approaches were compared: a model with the use of all baseline variables (Model 1), a model omitting morphological variables (Model 2), and a model omitting ASES variables (Model 3).

Results: Improvement ranges of ≤28 points (class A), 29 to 55 points (class B), and >55 points (class C) were established. Using all follow-up time intervals, Model 1 gave the most accurate predictions, with probability values of 0.94, 0.95, and 0.94 for classes A, B, and C, respectively. This was followed by Model 2 (0.93, 0.80, and 0.73) and Model 3 (0.77, 0.72, and 0.71).

Conclusions: Machine learning can accurately predict the level of improvement after shoulder arthroplasty for glenohumeral OA. This may allow physicians to improve patient satisfaction by better managing expectations. These predictions were most accurate when latent variables were combined with morphological variables, suggesting that both patients' perceptions and structural pathology are critical to optimizing outcomes in shoulder arthroplasty.

Level of evidence: Therapeutic Level IV. See Instructions for Authors for a complete description of levels of evidence.

Copyright © 2021 The Authors. Published by The Journal of Bone and Joint Surgery, Incorporated. All rights reserved.","theoretical, modeling, or simulation study","JBJS Open Access","1","10.2106/jbjs.oa.20.00128","https://consensus.app/papers/machine-learning-can-predict-level-of-improvement-in-mclendon-christmas/f05df41387c95402889cbd665c7507f1/"
"Revolutionizing orthopedic care: The impact of ai in predictive analysis, surgical precision, and personalized rehabilitation","AI in orthopedics revolutionizes preoperative planning, surgical precision, and personalized rehabilitation, improving patient outcomes and quality of life.","Amit Lakhani",2024,3,"Artificial intelligence (AI) is transforming the field of orthopedics, significantly impacting predictive analysis, surgical management, and rehabilitation programs. This review explores the multifaceted role of AI in enhancing orthopedic care, focusing on its application in personalized treatment plans, surgical precision, and remote rehabilitation. Predictive analytics in orthopedics, powered by AI, have revolutionized preoperative planning by forecasting surgical outcomes and potential complications, enabling clinicians to tailor surgical strategies to individual patient needs. AI's integration into surgical procedures, particularly in robotics-assisted and minimally invasive surgeries, has enhanced precision, reduced operative times, and improved patient safety, resulting in faster recovery and better outcomes.AI-driven rehabilitation programs offer personalized exercise regimens, real-time feedback, and remote monitoring, making high-quality rehabilitation accessible to patients regardless of location. These applications adapt to individual patient progress, providing customized exercise plans that optimize recovery while minimizing the risk of reinjury. Additionally, AI-powered rehabilitation tools enhance patient engagement through gamification and interactive features, leading to higher adherence to rehabilitation protocols.The review highlights key studies demonstrating the efficacy of AI in these areas, underscoring its potential to revolutionize orthopedic care. By leveraging AI's capabilities, clinicians can provide more accurate diagnoses, implement effective surgical interventions, and offer personalized rehabilitation solutions, ultimately improving patient outcomes and quality of life. As AI technology continues to advance, its role in orthopedics is expected to expand, offering increasingly innovative and effective solutions for both surgical and non-surgical patient care.","literature review","The Journal of Community Health Management","","10.18231/j.jchm.2024.022","https://consensus.app/papers/revolutionizing-orthopedic-care-the-impact-of-ai-in-lakhani/7b5d04348b5a586a8f1f62d43f465f8b/"
"Can minimal clinically important differences in patient reported outcome measures be predicted by machine learning in patients with total knee or hip arthroplasty? A systematic review","Machine learning algorithms can predict minimal clinically important differences in patient reported outcomes for total knee or hip arthroplasty, but reporting standards need improvement to reduce risk of bias and improve comparability.","Benedikt Langenberger, A. Thoma, V. Vogt",2022,21,"Objectives: To systematically review studies using machine learning (ML) algorithms to predict whether patients undergoing total knee or total hip arthroplasty achieve an improvement as high or higher than the minimal clinically important differences (MCID) in patient reported outcome measures (PROMs) (classification problem).

Methods: Studies were eligible to be included in the review if they collected PROMs both pre- and postintervention, reported the method of MCID calculation and applied ML. ML was defined as a family of models which automatically learn from data when selecting features, identifying nonlinear relations or interactions. Predictive performance must have been assessed using common metrics. Studies were searched on MEDLINE, PubMed Central, Web of Science Core Collection, Google Scholar and Cochrane Library. Study selection and risk of bias assessment (ROB) was conducted by two independent researchers.

Results: 517 studies were eligible for title and abstract screening. After screening title and abstract, 18 studies qualified for full-text screening. Finally, six studies were included. The most commonly applied ML algorithms were random forest and gradient boosting. Overall, eleven different ML algorithms have been applied in all papers. All studies reported at least fair predictive performance, with two reporting excellent performance. Sample size varied widely across studies, with 587 to 34,110 individuals observed. PROMs also varied widely across studies, with sixteen applied to TKA and six applied to THA. There was no single PROM utilized commonly in all studies. All studies calculated MCIDs for PROMs based on anchor-based or distribution-based methods or referred to literature which did so. Five studies reported variable importance for their models. Two studies were at high risk of bias.

Discussion: No ML model was identified to perform best at the problem stated, nor can any PROM said to be best predictable. Reporting standards must be improved to reduce risk of bias and improve comparability to other studies.

© 2022. The Author(s).","systematic review","BMC Medical Informatics and Decision Making","1","10.1186/s12911-022-01751-7","https://consensus.app/papers/can-minimal-clinically-important-differences-in-patient-langenberger-thoma/0372562235385eedb5ab55a718e42971/"
"Can Machine Learning Methods Produce Accurate and Easy-to-Use Preoperative Prediction Models of One-Year Improvements in Pain and Functioning After Knee Arthroplasty?","Machine learning methods can accurately predict patient-specific improvements in pain and functioning 1 year after total knee arthroplasty, potentially improving patient selection, education, and satisfaction.","Alex H. S. Harris, Alfred C. Kuo, Thomas R. Bowe, Luisa Manfredi, Narlina F. Lalani, N. Giori",2020,58,"","theoretical, modeling, or simulation study","The Journal of arthroplasty","1","10.1016/j.arth.2020.07.026","https://consensus.app/papers/can-machine-learning-methods-produce-accurate-and-harris-kuo/1a4a802a792f5dafacc4e0744338b367/"
"Artificial intelligence fails to outperform orthopaedic surgeons: A systematic review","AI shows potential in supporting clinical efficiency and patient communication in orthopaedics, but concerns about bias, quality risks, overconfidence, and outdated information prevent it from replacing human expertise.","Jemima Russell, Jamie Rosen, Martinique Vella-Baldacchino",2025,3,"Purpose: Artificial intelligence (AI) in orthopaedic surgery is increasingly applied to analyse clinical data, triage patients and interpret imaging with high accuracy. Orthopaedics surgery faces unique challenges, including high patient volumes, complex cases and prolonged waiting lists, highlighting the need for efficiency and decision support. To justify implementation, AI must demonstrate performance comparable to surgeons. This systematic review evaluates AI's performance relative to surgeons to determine its value as a complementary tool in orthopaedic practice.

Methods: This systematic review was conducted using OVID Medline. Relevant studies published up to 13 August 2025 were identified. Included studies were categorised into decision making, management plans, clinical knowledge, quality control, and answering patients' frequently asked questions (FAQs).

Results: Of 419 identified studies, 16 were eligible. ChatGPT showed high sensitivity in identifying patients achieving clinically meaningful improvements (97% vs. 90% for surgeons) but lower specificity (33% vs. 63%) and accuracy (65% vs. 76%). AI demonstrates comparable or superior performance to surgeons in emergency scenarios and answering patient FAQs, scoring higher across empathy, accuracy, completeness and overall quality (4.4 vs. 3.5-3.7). Residents outperformed AI in examinations (74.2% vs. 47.2%). AI showed limited accuracy in knee osteoarthritis radiographic staging (35% vs. >80%).

Conclusions: AI demonstrates the potential to support clinical efficiency and patient communication in orthopaedics. However, concerns about bias, quality risks, overconfidence and reliance on outdated information prevent it from replacing human expertise. Clinician-led design and validation are required to ensure safe and effective integration into clinical practice.

Level of Evidence: Level IV.

© 2025 The Author(s). Journal of Experimental Orthopaedics published by John Wiley & Sons Ltd on behalf of European Society of Sports Traumatology, Knee Surgery and Arthroscopy.","systematic review","Journal of Experimental Orthopaedics","1","10.1002/jeo2.70548","https://consensus.app/papers/artificial-intelligence-fails-to-outperform-orthopaedic-russell-rosen/7a68c6763825543a936c9177f163933c/"
"A theoretical model of health management using data-driven decision-making: the future of precision medicine and health","The health trajectories management methodology, based on electronic health records, can help predict patients' future health risks and influence beneficial healthcare decisions.","E. Kriegová, M. Kudělka, M. Radvanský, J. Gallo",2021,26,"Background: The burden of chronic and societal diseases is affected by many risk factors that can change over time. The minimalisation of disease-associated risk factors may contribute to long-term health. Therefore, new data-driven health management should be used in clinical decision-making in order to minimise future individual risks of disease and adverse health effects.

Methods: We aimed to develop a health trajectories (HT) management methodology based on electronic health records (EHR) and analysing overlapping groups of patients who share a similar risk of developing a particular disease or experiencing specific adverse health effects. Formal concept analysis (FCA) was applied to identify and visualise overlapping patient groups, as well as for decision-making. To demonstrate its capabilities, the theoretical model presented uses genuine data from a local total knee arthroplasty (TKA) register (a total of 1885 patients) and shows the influence of step by step changes in five lifestyle factors (BMI, smoking, activity, sports and long-distance walking) on the risk of early reoperation after TKA.

Results: The theoretical model of HT management demonstrates the potential of using EHR data to make data-driven recommendations to support both patients' and physicians' decision-making. The model example developed from the TKA register acts as a clinical decision-making tool, built to show surgeons and patients the likelihood of early reoperation after TKA and how the likelihood changes when factors are modified. The presented data-driven tool suits an individualised approach to health management because it quantifies the impact of various combinations of factors on the early reoperation rate after TKA and shows alternative combinations of factors that may change the reoperation risk.

Conclusion: This theoretical model introduces future HT management as an understandable way of conceiving patients' futures with a view to positively (or negatively) changing their behaviour. The model's ability to influence beneficial health care decision-making to improve patient outcomes should be proved using various real-world data from EHR datasets.","theoretical, modeling, or simulation study","Journal of Translational Medicine","1","10.1186/s12967-021-02714-8","https://consensus.app/papers/a-theoretical-model-of-health-management-using-datadriven-kriegov%C3%A1-kud%C4%9Blka/72d1d84128f65c09b26fd60689de8ed0/"
"Machine Learning and Artificial Intelligence: Definitions, Applications, and Future Directions","Machine learning in orthopedics can enhance patient care by analyzing imaging modalities, implementing patient-specific payment models, and remotely monitoring patients.","J. Helm, Andrew Swiergosz, Heather S. Haeberle, J. Karnuta, J. Schaffer, V. Krebs, Andrew I. Spitzer, P. Ramkumar",2020,514,"Purpose of review: With the unprecedented advancement of data aggregation and deep learning algorithms, artificial intelligence (AI) and machine learning (ML) are poised to transform the practice of medicine. The field of orthopedics, in particular, is uniquely suited to harness the power of big data, and in doing so provide critical insight into elevating the many facets of care provided by orthopedic surgeons. The purpose of this review is to critically evaluate the recent and novel literature regarding ML in the field of orthopedics and to address its potential impact on the future of musculoskeletal care.

Recent findings: Recent literature demonstrates that the incorporation of ML into orthopedics has the potential to elevate patient care through alternative patient-specific payment models, rapidly analyze imaging modalities, and remotely monitor patients. Just as the business of medicine was once considered outside the domain of the orthopedic surgeon, we report evidence that demonstrates these emerging applications of AI warrant ownership, leverage, and application by the orthopedic surgeon to better serve their patients and deliver optimal, value-based care.","literature review","Current Reviews in Musculoskeletal Medicine","1","10.1007/s12178-020-09600-8","https://consensus.app/papers/machine-learning-and-artificial-intelligence-helm-swiergosz/e33c595253d25988896f9b32896bf743/"
"Predicting the Objective and Subjective Clinical Outcomes of Anterior Cruciate Ligament Reconstruction: A Machine Learning Analysis of 432 Patients","Machine learning analysis can accurately predict objective and subjective clinical outcomes of anterior cruciate ligament reconstruction, with medial meniscal resection, participation in competitive sports, and steep posterior tibial slope as top predictors.","Zipeng Ye, Tianlun Zhang, Chenliang Wu, Yi Qiao, W. Su, Jiebo Chen, Guo-Ming Xie, Shikui Dong, Jun-Jie Xu, Jin-Zhong Zhao",2022,45,"Background: Sports levels, baseline patient-reported outcome measures (PROMs), and surgical procedures are correlated with the outcomes of anterior cruciate ligament reconstruction (ACLR). Machine learning may be superior to conventional statistical methods in making repeatable and accurate predictions.

Purpose: To identify the best-performing machine learning models for predicting the objective and subjective clinical outcomes of ACLR and to determine the most important predictors.

Study design: Case-control study; Level of evidence, 3.

Methods: A total of 432 patients who underwent anatomic double-bundle ACLR with hamstring tendon autograft between January 2010 and February 2019 were included in the machine learning analysis. A total of 15 predictive variables and 6 outcome variables were selected to validate the logistic regression, Gaussian naïve Bayes machine, random forest, Extreme Gradient Boosting (XGBoost), isotonically calibrated XGBoost, and sigmoid calibrated XGBoost models. For each clinical outcome, the best-performing model was determined using the area under the receiver operating characteristic curve (AUC), whereas the importance and direction of each predictive variable were demonstrated in a Shapley Additive Explanations summary plot.

Results: The AUC and accuracy of the best-performing model, respectively, were 0.944 (excellent) and 98.6% for graft failure; 0.920 (excellent) and 91.4% for residual laxity; 0.930 (excellent) and 91.0% for failure to achieve the minimal clinically important difference (MCID) of the Lysholm score; 0.942 (excellent) and 95.1% for failure to achieve the MCID of the International Knee Documentation Committee (IKDC) score; 0.773 (fair) and 70.5% for return to preinjury sports; and 0.777 (fair) and 69.2% for return to pivoting sports. Medial meniscal resection, participation in competitive sports, and steep posterior tibial slope were top predictors of graft failure, whereas high-grade preoperative knee laxity, long follow-up period, and participation in competitive sports were top predictors of residual laxity. High preoperative Lysholm and IKDC scores were highly predictive of not achieving the MCIDs of PROMs. Young age, male sex, high preoperative IKDC score, and large graft diameter were important predictors of return to preinjury or pivoting sports.

Conclusion: Machine learning analysis can provide reliable predictions for the objective and subjective clinical outcomes (graft failure, residual laxity, PROMs, and return to sports) of ACLR. Patient-specific evaluation and decision making are recommended before and after surgery.","theoretical, modeling, or simulation study","The American Journal of Sports Medicine","1","10.1177/03635465221129870","https://consensus.app/papers/predicting-the-objective-and-subjective-clinical-ye-zhang/7e3b1b2eddec5e1eb1fe3e0b3a937e48/"
"Patient preferences as human factors for health data recommender systems and shared decision making in orthopaedic practice","Inclusion of patient treatment outcome preferences in Health Recommender Systems can improve treatment recommendations and enhance patient treatment profiles in electronic health records.","Akanksha Singh, Benjamin L. Schooley, S. Floyd, Stephen Pill, John M. Brooks",2023,8,"Background: A core set of requirements for designing AI-based Health Recommender Systems (HRS) is a thorough understanding of human factors in a decision-making process. Patient preferences regarding treatment outcomes can be one important human factor. For orthopaedic medicine, limited communication may occur between a patient and a provider during the short duration of a clinical visit, limiting the opportunity for the patient to express treatment outcome preferences (TOP). This may occur despite patient preferences having a significant impact on achieving patient satisfaction, shared decision making and treatment success. Inclusion of patient preferences during patient intake and/or during the early phases of patient contact and information gathering can lead to better treatment recommendations.

Aim: We aim to explore patient treatment outcome preferences as significant human factors in treatment decision making in orthopedics. The goal of this research is to design, build, and test an app that collects baseline TOPs across orthopaedic outcomes and reports this information to providers during a clinical visit. This data may also be used to inform the design of HRSs for orthopaedic treatment decision making.

Methods: We created a mobile app to collect TOPs using a direct weighting (DW) technique. We used a mixed methods approach to pilot test the app with 23 first-time orthopaedic visit patients presenting with joint pain and/or function deficiency by presenting the app for utilization and conducting qualitative interviews and quantitative surveys post utilization.

Results: The study validated five core TOP domains, with most users dividing their 100-point DW allocation across 1-3 domains. The tool received moderate to high usability scores. Thematic analysis of patient interviews provides insights into TOPs that are important to patients, how they can be communicated effectively, and incorporated into a clinical visit with meaningful patient-provider communication that leads to shared decision making.

Conclusion: Patient TOPs may be important human factors to consider in determining treatment options that may be helpful for automating patient treatment recommendations. We conclude that inclusion of patient TOPs to inform the design of HRSs results in creating more robust patient treatment profiles in the EHR thus enhancing opportunities for treatment recommendations and future AI applications.

© 2023 Singh, Schooley, Floyd, Pill and Brooks.","mixed methods study","Frontiers in Digital Health","1","10.3389/fdgth.2023.1137066","https://consensus.app/papers/patient-preferences-as-human-factors-for-health-data-singh-schooley/03f3f77fdcf95c1cb6bf4a5544a8c754/"
"Can machine learning predict pharmacotherapy outcomes? An application study in osteoporosis","Machine learning models show potential in predicting osteoporosis treatment outcomes, aiding clinicians in tailoring treatment to individual patients for prevention of disease progression or ineffective therapy.","Yi-Ting Lin, Chaoyi Chu, Kuo-Sheng Hung, Chi-Hua Lu, E. Bednarczyk, Hsiang-Yin Chen",2022,32,"","theoretical, modeling, or simulation study","Computer methods and programs in biomedicine","1","10.1016/j.cmpb.2022.107028","https://consensus.app/papers/can-machine-learning-predict-pharmacotherapy-outcomes-an-lin-chu/e39221e1856354a0896282db7416eadc/"
"Utilization of machine learning methods for predicting surgical outcomes after total knee arthroplasty","Machine learning models, particularly GBM-based, can accurately predict complications after total knee arthroplasty, aiding in preoperative interventions and resource allocation.","Hina Mohammed, Yi-He Huang, S. Memtsoudis, M. Parks, Yu-Xiao Huang, Yan Ma",2022,30,"Background: Predictive models could help clinicians identify risk factors that cause adverse events after total knee arthroplasty (TKA), allowing for appropriate preoperative preventive interventions and allocation of resources.

Methods: The National Inpatient Sample datasets from 2010-2014 were used to build Logistic Regression (LR), Gradient Boosting Method (GBM), Random Forest (RF), and Artificial Neural Network (ANN) predictive models for three clinically relevant outcomes after TKA-disposition at discharge, any post-surgical complications, and blood transfusion. Model performance was evaluated using the Brier scores as calibration measures, and area under the ROC curve (AUC) and F1 scores as discrimination measures.

Results: GBM-based predictive models were observed to have better calibration and discrimination than the other models; thus, indicating comparatively better overall performance. The Brier scores for GBM models predicting the outcomes under investigation ranged from 0.09-0.14, AUCs ranged from 79-87%, and F1-scores ranged from 41-73%. Variable importance analysis for GBM models revealed that admission month, patient location, and patient's income level were significant predictors for all the outcomes. Additionally, any post-surgical complications and blood transfusions were significantly predicted by deficiency anemias, and discharge disposition by length of stay and age groups. Notably, any post-surgical complications were also significantly predicted by the patient undergoing blood transfusion.

Conclusions: The predictive abilities of the ML models were successfully demonstrated using data from the National Inpatient Sample (NIS), indicating a wide range of clinical applications for obtaining accurate prognoses of complications following orthopedic surgical procedures.","theoretical, modeling, or simulation study","PLoS ONE","1","10.1371/journal.pone.0263897","https://consensus.app/papers/utilization-of-machine-learning-methods-for-predicting-mohammed-huang/c7be0206558d5d10bd26ec0293cf1df9/"
"Artificial intelligence algorithms in orthopaedics: A narrative review of methods and clinical applications","AI algorithms in orthopaedics have improved fracture detection, revision risk prediction, and outcomes, but require rigorous validation and governance for safe clinical use.","Jamie Rosen, Jemima Russell, Prerna Kartik, Martinique Vella-Baldacchino",2025,10,"This narrative review evaluates the role of artificial intelligence (AI) algorithms in orthopaedic surgery and distinguishes itself by explaining how the main algorithmic approaches function and illustrating each with orthopaedic examples. Machine learning methods, including regression, classification and reinforcement learning, have been applied to fracture detection, prediction of revision risk and modelling of outcomes after arthroplasty and sports injury. Deep learning and convolutional neural networks have improved fracture classification, implant surveillance and segmentation of cartilage and meniscal tissue on magnetic resonance imaging. Neural networks such as FracNet and YOLO-based systems demonstrate growing capability in trauma imaging. Natural language processing has automated the extraction of operative and registry data, while large language models are emerging for diagnostic support and education. Generative artificial intelligence (GAI) have produced synthetic musculoskeletal images to expand data sets. Computer vision and image processing underpin robotic-assisted surgery and preoperative planning, and federated learning enables multicentre collaboration while protecting privacy. Each algorithm offers strengths in accuracy, efficiency or scalability, but also carries bias, transparency, computational cost and lack of external validation. This review explores how these algorithms are shaping orthopaedics, highlighting their benefits, limitations and challenges. Rigorous validation, transparent reporting and governance are essential for safe clinical use.

Level of Evidence: N/A.

© 2025 The Author(s). Journal of Experimental Orthopaedics published by John Wiley & Sons Ltd on behalf of European Society of Sports Traumatology, Knee Surgery and Arthroscopy.","literature review","Journal of Experimental Orthopaedics","1","10.1002/jeo2.70549","https://consensus.app/papers/artificial-intelligence-algorithms-in-orthopaedics-a-rosen-russell/1a57193750dc534db08ccfc6841c0180/"
"Feasibility of Machine Learning and Logistic Regression Algorithms to Predict Outcome in Orthopaedic Trauma Surgery","Machine learning models produce probability estimates comparable to logistic regression models for binary events in musculoskeletal trauma, suggesting their benefit may be limited in this context.","J. Oosterhoff, B. Gravesteijn, A. Karhade, R. Jaarsma, G. Kerkhoffs, D. Ring, J. Schwab, E. Steyerberg, J. Doornberg",2021,50,"Background: Statistical models using machine learning (ML) have the potential for more accurate estimates of the probability of binary events than logistic regression. The present study used existing data sets from large musculoskeletal trauma trials to address the following study questions: (1) Do ML models produce better probability estimates than logistic regression models? (2) Are ML models influenced by different variables than logistic regression models?

Methods: We created ML and logistic regression models that estimated the probability of a specific fracture (posterior malleolar involvement in distal spiral tibial shaft and ankle fractures, scaphoid fracture, and distal radial fracture) or adverse event (subsequent surgery [after distal biceps repair or tibial shaft fracture], surgical site infection, and postoperative delirium) using 9 data sets from published musculoskeletal trauma studies. Each data set was split into training (80%) and test (20%) subsets. Fivefold cross-validation of the training set was used to develop the ML models. The best-performing model was then assessed in the independent testing data. Performance was assessed by (1) discrimination (c-statistic), (2) calibration (slope and intercept), and (3) overall performance (Brier score).

Results: The mean c-statistic was 0.01 higher for the logistic regression models compared with the best ML models for each data set (range, -0.01 to 0.06). There were fewer variables strongly associated with variation in the ML models, and many were dissimilar from those in the logistic regression models.

Conclusions: The observation that ML models produce probability estimates comparable with logistic regression models for binary events in musculoskeletal trauma suggests that their benefit may be limited in this context.

Copyright © 2021 by The Journal of Bone and Joint Surgery, Incorporated.","theoretical, modeling, or simulation study","The Journal of Bone and Joint Surgery","1","10.2106/jbjs.21.00341","https://consensus.app/papers/feasibility-of-machine-learning-and-logistic-regression-oosterhoff-gravesteijn/56ac2f2c620d5d9a9cdab8c30896c0e9/"
"Social determinants of health in prognostic machine learning models for orthopaedic outcomes: A systematic review.","Prognostic machine learning models for orthopaedic outcomes consider some social determinants of health, but the level of reporting and consideration is limited.","Amanda Lans, Laura N. Kanbier, David N. Bernstein, O. Groot, P. Ogink, D. Tobert, J. Verlaan, J. Schwab",2022,18,"Rational: Social determinants of health (SDOH) are being considered more frequently when providing orthopaedic care due to their impact on treatment outcomes. Simultaneously, prognostic machine learning (ML) models that facilitate clinical decision making have become popular tools in the field of orthopaedic surgery. When ML-driven tools are developed, it is important that the perpetuation of potential disparities is minimized. One approach is to consider SDOH during model development. To date, it remains unclear whether and how existing prognostic ML models for orthopaedic outcomes consider SDOH variables.

Objective: To investigate whether prognostic ML models for orthopaedic surgery outcomes account for SDOH, and to what extent SDOH variables are included in the final models.

Methods: A systematic search was conducted in PubMed, Embase and Cochrane for studies published up to 17 November 2020. Two reviewers independently extracted SDOH features using the PROGRESS+ framework (place of residence, race/ethnicity, Occupation, gender/sex, religion, education, social capital, socioeconomic status, 'Plus+' age, disability, and sexual orientation).

Results: The search yielded 7138 studies, of which 59 met the inclusion criteria. Across all studies, 96% (57/59) considered at least one PROGRESS+ factor during development. The most common factors were age (95%; 56/59) and gender/sex (96%; 57/59). Differential effect analyses, such as subgroup analysis, covariate adjustment, and baseline comparison, were rarely reported (10%; 6/59). The majority of models included age (92%; 54/59) and gender/sex (69%; 41/59) as final input variables. However, factors such as insurance status (7%; 4/59), marital status (7%; 4/59) and income (3%; 2/59) were seldom included.

Conclusion: The current level of reporting and consideration of SDOH during the development of prognostic ML models for orthopaedic outcomes is limited. Healthcare providers should be critical of the models they consider using and knowledgeable regarding the quality of model development, such as adherence to recognized methodological standards. Future efforts should aim to avoid bias and disparities when developing ML-driven applications for orthopaedics.

© 2022 The Authors. Journal of Evaluation in Clinical Practice published by John Wiley & Sons Ltd.","systematic review","Journal of evaluation in clinical practice","2","10.1111/jep.13765","https://consensus.app/papers/social-determinants-of-health-in-prognostic-machine-lans-kanbier/a7f51fe6791358a89912c000e39daa92/"
"Artificial intelligence versus orthopedic surgeons as an orthopedic consultant in the emergency department.","Artificial intelligence can provide high-quality recommendations for common orthopedic-ED consultations, often outperforming board-certified orthopedic surgeons.","Jonathan Liu, Kathryn R Segal, Mohammad Daher, Jordan Ozolin, William D. Binder, M. Bergen, Christopher L. Mcdonald, Brett D. Owens, Valentin Antoci",2025,12,"","other","Injury","1","10.1016/j.injury.2025.112297","https://consensus.app/papers/artificial-intelligence-versus-orthopedic-surgeons-as-an-liu-segal/a89bf518b3b551819c208420f0d14d38/"
"Utility of Machine Learning, Natural Language Processing, and Artificial Intelligence in Predicting Hospital Readmissions After Orthopaedic Surgery","AI tools perform reasonably well in predicting readmissions after orthopaedic procedures, with higher accuracy in hip/knee arthroplasty and single institution data.","M. Fares, Harry H. Liu, A. P. Beck da Silva Etges, Benjamin Zhang, Jon J. P. Warner, Jeffrey J. Olson, Catherine J. Fedorka, Adam Z. Khan, Matthew J. Best, Jacob M. Kirsch, J. E. Simon, Brett Sanders, J. Costouros, Xiaoran Zhang, P. Jones, Derek A. Haas, Joseph A. Abboud",2024,11,"Background: Numerous applications and strategies have been utilized to help assess the trends and patterns of readmissions after orthopaedic surgery in an attempt to extrapolate possible risk factors and causative agents. The aim of this work is to systematically summarize the available literature on the extent to which natural language processing, machine learning, and artificial intelligence (AI) can help improve the predictability of hospital readmissions after orthopaedic and spine surgeries.

Methods: This is a systematic review and meta-analysis. PubMed, Embase and Google Scholar were searched, up until August 30, 2023, for studies that explore the use of AI, natural language processing, and machine learning tools for the prediction of readmission rates after orthopedic procedures. Data regarding surgery type, patient population, readmission outcomes, advanced models utilized, comparison methods, predictor sets, the inclusion of perioperative predictors, validation method, size of training and testing sample, accuracy, and receiver operating characteristics (C-statistic), among other factors, were extracted and assessed.

Results: A total of 26 studies were included in our final dataset. The overall summary C-statistic showed a mean of 0.71 across all models, indicating a reasonable level of predictiveness. A total of 15 articles (57%) were attributed to the spine, making it the most commonly explored orthopaedic field in our study. When comparing accuracy of prediction models between different fields, models predicting readmissions after hip/knee arthroplasty procedures had a higher prediction accuracy (mean C-statistic = 0.79) than spine (mean C-statistic = 0.7) and shoulder (mean C-statistic = 0.67). In addition, models that used single institution data, and those that included intraoperative and/or postoperative outcomes, had a higher mean C-statistic than those utilizing other data sources, and that include only preoperative predictors. According to the Prediction model Risk of Bias Assessment Tool, the majority of the articles in our study had a high risk of bias.

Conclusion: AI tools perform reasonably well in predicting readmissions after orthopaedic procedures. Future work should focus on standardizing study methodologies and designs, and improving the data analysis process, in an attempt to produce more reliable and tangible results.

Level of evidence: Level III. See Instructions for Authors for a complete description of levels of evidence.

Copyright © 2024 by The Journal of Bone and Joint Surgery, Incorporated.","meta-analysis","JBJS Reviews","1","10.2106/jbjs.rvw.24.00075","https://consensus.app/papers/utility-of-machine-learning-natural-language-processing-fares-liu/24bab7fa0691599db0af587f08835c30/"
"Custom Large Language Models Improve Accuracy: Comparing Retrieval Augmented Generation and Artificial Intelligence Agents to Non-Custom Models for Evidence-Based Medicine.","Custom Large Language Models (LLMs) using Retrieval Augmented Generation (RAG) and Agentic Augmentation improve accuracy in delivering accurate information in orthopaedic care.","Joshua J. Woo, Andrew J Yang, Reena J. Olsen, Sayyida S. Hasan, D. Nawabi, Benedict U. Nwachukwu, Riley J. Williams, Prem N. Ramkumar",2024,55,"","theoretical, modeling, or simulation study","Arthroscopy : the journal of arthroscopic & related surgery : official publication of the Arthroscopy Association of North America and the International Arthroscopy Association","1","10.1016/j.arthro.2024.10.042","https://consensus.app/papers/custom-large-language-models-improve-accuracy-comparing-woo-yang/08801f63c7f45c33ad7be27b2bbd565e/"
"Development of Machine Learning–based Algorithms to Predict the 2- and 5-year Risk of TKA After Tibial Plateau Fracture Treatment","Machine-learning algorithms, particularly logistic regression, can accurately predict the 2- and 5-year risk of TKA conversion in patients with tibial plateau fractures, supporting clinical decision-making and patient counseling.","N. Assink, Maria P. Gonzalez-Perrino, Raul Santana-Trejo, J. Doornberg, H. Hoekstra, J. Kraeima, F. IJpma",2025,4,"Background: When faced with a severe intraarticular injury like a tibial plateau fracture, patients count on surgeons to make an accurate estimation of prognosis. Unfortunately, there are few tools available that enable precise, personalized prognosis estimation tailored to each patient's unique circumstances, including their individual and fracture-specific characteristics. In this study, we developed and validated a clinical prediction model using machine-learning algorithms for the 2- and 5-year risk of TKA after tibia plateau fractures.

Questions/purposes: Can machine learning-based probability calculators estimate the probability of 2- and 5-year risk of conversion to TKA in patients with a tibial plateau fracture?

Methods: A multicenter, cross-sectional study was performed in six hospitals in patients treated for a tibial plateau fracture between 2003 to 2019. In total, 2057 patients were eligible for inclusion and were sent informed consent and a questionnaire to inquire whether they underwent conversion to TKA. For 56% (1160 of 2057), status of conversion to TKA was accounted for at a minimum of 2 years, and 53% (1082 of 2057) were accounted for at a minimum of 5 years. The mean follow-up among responders was 6 ± 4 years after injury. An analysis of nonresponders found that responders were slightly older than nonresponders (53 ± 16 years versus 51 ± 17 years; p = 0.001), they were more often women (68% [788 of 1160] versus 58% [523 of 897]; p = 0.001), they were treated nonoperatively less often (30% [346 of 1160] versus 43% [387 of 897]; p = 0.001), and they had larger fracture gaps (6.4 ± 6.3 mm versus 4.2 ± 5.2 mm; p < 0.001) and step-offs (6.3 ± 5.7 mm versus 4.5 ± 4.7 mm; p < 0.001). AO Foundation/Orthopaedic Trauma Association (AO/OTA) fracture classification did not differ between nonresponders and responders (B1 11% versus 15%, B2 16% versus 19%, B3 45% versus 39%, C2 6% versus 8%, C3 22% versus 17%; p = 0.26). A total of 70% (814 of 1160) of patients were treated with open reduction and internal fixation, whereas 30% (346 of 1160) of patients were treated nonoperatively with a cast. Most fractures (80% [930 of 1160]) were AO/OTA type B fractures, and 20% (230 of 1160) were type C. Of these patients, 7% (79 of 1160) and 10% (109 of 1082) underwent conversion to a TKA at 2- and 5-year follow-up, respectively. Patient characteristics were retrieved from electronic patient records, and imaging data were shared with the initiating center from which fracture characteristics were determined. Obtained features derived from follow-up questionnaires, electronic patient records, and radiographic assessments were eligible for development of the prediction model. The first step consisted of data cleaning and included simple type formatting and standardization of numerical columns. Subsequent feature selection consisted of a review of the published evidence and expert opinion. This was followed by bivariate analysis of the identified features. The features for the models included: age, gender, BMI, AO/OTA fracture classification, fracture displacement (gap, step-off), medial proximal tibial alignment, and posterior proximal tibial alignment. The data set was used to train three models: logistic regression, random forest, and XGBoost. Logistic regression models linear relationships, random forest handles nonlinear complexities with decision trees, and XGBoost excels with sequential error correction and regularization. The models were tested using a sixfold validation approach by training the model on data from five (of six) respective medical centers and validating it against the remaining center that was left out for training. Performance was assessed by the area under the receiver operating characteristic curve (AUC), which measures a model's ability to distinguish between classes. AUC varies between 0 and 1, with values closer to 1 indicating better performance. To ensure robust and reliable results, we used bootstrapping as a resampling technique. In addition, calibration curves were plotted, and calibration was assessed with the calibration slope and intercept. The calibration plot compares the estimated probabilities with the observed probabilities for the primary outcome. Calibration slope evaluates alignment between predicted probabilities and observed outcomes (1 = perfect, < 1 = overfit, > 1 = underfit). Calibration intercept indicates bias (0 = perfect, negative = underestimation, positive = overestimation). Last, the Brier score, measuring the mean squared error of predicted probabilities (0 = perfect), was calculated.

Results: There were no differences among the models in terms of sensitivity and specificity; the AUCs for each overlapped broadly and ranged from 0.76 to 0.83. Calibration was most optimal in logistic regression for both 2- and 5-year models, with slopes of 0.82 (random forest 0.60, XGBoost 0.26) and 0.95 (random forest 0.85, XGBoost 0.48) and intercepts of 0.01 for both (random forest 0.01 to 0.02; XGBoost 0.05 to 0.07). Brier score was similar between models varying between 0.06 to 0.09. Given that its performance metrics were highest, we chose the logistic regression algorithm as the final prediction model. The web application providing the prediction tool is freely available and can be accessed through: https://3dtrauma.shinyapps.io/tka_prediction/ .

Conclusion: In this study, a personalized risk assessment tool was developed to support clinical decision-making and patient counseling. Our findings demonstrate that machine-learning algorithms, particularly logistic regression, can provide accurate and reliable predictions of TKA conversion at 2 and 5 years after a tibial plateau fracture. In addition, it provides a useful prognostic tool for surgeons who perform fracture surgery that can be used quickly and easily with patients in the clinic or emergency department once it complies with medical device regulations. External validation is needed to assess performance in other institutions and countries; to account for patient and surgeon preferences, resources, and cultures; and to further strengthen its clinical applicability.

Level of evidence: Level III, therapeutic study.

Copyright © 2025 The Author(s). Published by Wolters Kluwer Health, Inc. on behalf of the Association of Bone and Joint Surgeons.","cross-sectional study","Clinical Orthopaedics and Related Research","1","10.1097/corr.0000000000003442","https://consensus.app/papers/development-of-machine-learning%E2%80%93based-algorithms-to-assink-gonzalez-perrino/424ff15c2a7b5f79a139f65a381241cd/"
"Artificial Intelligence and Orthopaedic Prosthetic Planning: A State-of-the-Art Review and Evolving Liability Perspectives","AI shows promise in preoperative planning for orthopaedic arthroplasties, but more rigorous research and methodological standardization are needed for safe integration and ethical considerations.","Francesca Romana Guarnaccia, Federica Spadazzi, Miriam Ottaviani, N. Di Fazio, G. Volonnino, L. Di Mauro, Paola Frati, R. La Russa",2026,1,"Background and aim: Artificial intelligence (AI) is gaining increasing relevance in orthopaedic surgery, particularly in prosthetic surgery, due to its ability to support preoperative planning through advanced imaging analysis, implant size prediction, and outcome forecasting. However, recent literature shows considerable variability in employed models, evaluated outcomes, and clinical applicability. The objective of this scoping review is to map AI applications in preoperative planning for orthopaedic arthroplasties and to assess their impact on radiographic and clinical outcomes, also discussing key ethical and medicolegal implications within both Italian and international contexts. Materials and methods: A literature review was conducted following scoping review methodology. The bibliographic search (10 September 2025) was performed in PubMed and Scopus using the query “preoperative planning WITH artificial intelligence AND prosthesis orthopaedic surgery AND outcomes”, restricted to the years 2020–2025, English-language studies, and research focused specifically on real-world AI techniques applied to preoperative planning in prosthetic surgery, reporting radiographic and/or clinical outcomes related to planning. Exclusion criteria included intra/postoperative studies, non-orthopaedic applications, robotic surgery, studies lacking clinical outcomes, case reports, and articles without full-text availability. After PRISMA screening and selection, 42 primary studies were included. Results: Of the 42 studies included, 20 focused on the hip, 19 on the knee, and 3 on the shoulder. Available evidence indicates that AI may improve templating accuracy and prosthetic component positioning, with more robust results in hip and knee arthroplasty, while applications in shoulder arthroplasty remain emerging. Nonetheless, important methodological limitations persist, including algorithm heterogeneity. Discussion: Overall, the findings suggest a promising role for AI in preoperative planning; however, the heterogeneity and variable quality of the evidence call for caution in interpretation and highlight the need for more rigorous prospective research. These considerations also carry relevant medicolegal implications, as the reliability and standardisation of AI-based tools represent essential prerequisites for their safe and conscious integration within diverse regulatory frameworks. Conclusions: AI appears to be a promising tool in the preoperative planning of orthopaedic arthroplasties, although further clinical validation and methodological standardisation are required. The evidence gathered also provides a useful foundation for addressing the associated medicolegal and regulatory implications, particularly in light of evolving Italian and European regulations and their differences from U.S. models.","systematic review","Sci","1","10.3390/sci8020027","https://consensus.app/papers/artificial-intelligence-and-orthopaedic-prosthetic-guarnaccia-spadazzi/f24afb9549945f0a97bebcf2d0a88f42/"
"Exploratory application of machine learning methods on patient reported data in the development of supervised models for predicting outcomes","Machine learning methods can effectively predict short-term patient outcomes from patient-reported outcome measurements (PROMs), supporting clinical decision making in clinical practice.","Deepika Verma, Duncan Jansen, Kerstin Bach, M. Poel, P. Mork, W. d'Hollosy",2022,22,"Background: Patient-reported outcome measurements (PROMs) are commonly used in clinical practice to support clinical decision making. However, few studies have investigated machine learning methods for predicting PROMs outcomes and thereby support clinical decision making.

Objective: This study investigates to what extent different machine learning methods, applied to two different PROMs datasets, can predict outcomes among patients with non-specific neck and/or low back pain.

Methods: Using two datasets consisting of PROMs from (1) care-seeking low back pain patients in primary care who participated in a randomized controlled trial, and (2) patients with neck and/or low back pain referred to multidisciplinary biopsychosocial rehabilitation, we present data science methods for data prepossessing and evaluate selected regression and classification methods for predicting patient outcomes.

Results: The results show that there is a potential for machine learning to predict and classify PROMs. The prediction models based on baseline measurements perform well, and the number of predictors can be reduced, which is an advantage for implementation in decision support scenarios. The classification task shows that the dataset does not contain all necessary predictors for the care type classification. Overall, the work presents generalizable machine learning pipelines that can be adapted to other PROMs datasets.

Conclusion: This study demonstrates the potential of PROMs in predicting short-term patient outcomes. Our results indicate that machine learning methods can be used to exploit the predictive value of PROMs and thereby support clinical decision making, given that the PROMs hold enough predictive power.

© 2022. The Author(s).","","BMC Medical Informatics and Decision Making","1","10.1186/s12911-022-01973-9","https://consensus.app/papers/exploratory-application-of-machine-learning-methods-on-verma-jansen/4ece91a35c5b52d5a4c1f0e21fe3d13b/"
"Is orthopaedics entering the age of generative AI?—A narrative review of current applications challenges and future directions","Generative AI in orthopaedics has the potential to enhance surgical precision, democratize advanced planning, and improve patient outcomes, but challenges like data bias and regulatory oversight must be overcome for safe implementation.","F. Oettl, J. Pruneski, Bálint Zsidai, Yinan Yu, Ting Cong, Thomas Tischer, M. Hirschmann, Kristian Samuelsson",2025,7,"Artificial intelligence (AI) in medicine is undergoing a pivotal transformation, evolving from discriminative models that classify data to generative AI systems capable of creating novel content. Generative AI is a type of artificial intelligence that can learn from and mimic large amounts of data to create content such as text, images, music, videos, code, and more. The generative AI paradigm relies on advanced architectures, including large language models (LLMs), which are likely to redefine key processes in the practice of clinical medicine. The imaging- and procedure-heavy specialty of orthopaedic surgery is uniquely positioned to benefit from innovations in spatial reasoning, biomechanical analysis, and procedural planning using generative AI. Key applications are rapidly emerging, like streamlining clinical workflows through automated documentation, the mediation of patient-provider communication and enhanced interpretability of complex medical information. While an exciting field the current evidence base is quite limited. The continued integration of these technologies promises to enhance surgical precision, democratise access to advanced planning, and ultimately improve patient outcomes. However, realising this potential requires overcoming significant challenges related to the 'black box' nature of models, data bias, and evolving regulatory oversight. Rigorous clinical validation through prospective trials will be essential to ensure the safe, effective, and equitable implementation of generative AI in the future of orthopaedic care. LEVEL OF EVIDENCE: Level V.

© 2025 The Author(s). Knee Surgery, Sports Traumatology, Arthroscopy published by John Wiley & Sons Ltd on behalf of European Society of Sports Traumatology, Knee Surgery and Arthroscopy.","literature review","Knee Surgery, Sports Traumatology, Arthroscopy","1","10.1002/ksa.70145","https://consensus.app/papers/is-orthopaedics-entering-the-age-of-generative-ai%E2%80%94a-oettl-pruneski/63d580fa5c17518c92f7f8e47fc10386/"
"Development and Validation of a Machine Learning Algorithm After Primary Total Hip Arthroplasty: Applications to Length of Stay and Payment Models.","Our machine learning algorithm accurately predicts length of stay and patient-specific inpatient payments after primary total hip arthroplasty, potentially enabling risk-based patient-specific payment models based on case complexity.","P. Ramkumar, S. Navarro, Heather S. Haeberle, J. Karnuta, J. Iannotti, B. M. Patterson, V. Krebs",2019,130,"","theoretical, modeling, or simulation study","The Journal of arthroplasty","1","10.1016/j.arth.2018.12.030","https://consensus.app/papers/development-and-validation-of-a-machine-learning-ramkumar-navarro/e6a87a3900bb51ffbfc140a11363c302/"
"Using artificial intelligence to develop a measure of orthopaedic treatment success from clinical notes","AI-based text classifiers can accurately distinguish between successful treatment outcomes and failures in clinical notes, potentially serving as a valuable data source for orthopaedic patients.","Sarah B. Floyd, Ahmed G. Almeldien, D. H. Smith, Benjamin L. Judkins, Claire E. Krohn, Z. Reynolds, Kyle J. Jeray, J. Obeid",2025,7,"Introduction: A readily available outcome measure that reflects the success of a patient's treatment is needed to demonstrate the value of orthopaedic interventions. Patient-reported outcome measures (PROMs) are survey-based instruments that collect joint-specific and general health perceptions on symptoms, functioning, and health-related quality of life. PROMs are considered the gold standard outcome measure in orthopaedic medicine, but their use is limited in real-world practice due to challenges with technology integration, the pace of clinic workflows, and patient compliance. Clinical notes generated during each encounter patients have with their physician contain rich information on current disease symptoms, rehabilitation progress, and unexpected complications. Artificial intelligence (AI) methods can be used to identify phrases of treatment success or failure captured in clinical notes and discern an indicator of treatment success for orthopaedic patients.

Methods: This was a cross-sectional analysis of clinical notes from a sample of patients with an acute shoulder injury. The study included adult patients presenting to a Level-1 Trauma Center and regional health system for an acute Proximal Humerus Fracture (PHF) between January 1, 2019 and December 31, 2021. We used the progress note from the office visit for PHF-related care (ICD10: S42.2XXX) or shoulder pain (ICD10: M45.2XXX) closest to 1-year after the injury date. Clinical notes were reviewed by an orthopaedic resident and labeled as treatment success or failure. A structured comparative analysis of classifiers including both machine and deep learning algorithms was performed.

Results: The final sample included 868 clinical notes from patients treated by 123 physicians across 35 departments within one regional health system. The study sample was stratified into 465 notes labeled as treatment success and 403 labeled as treatment failure. The Bio-ClinicalBERT model had the highest performance of 87% accuracy (AUC = 0.87 ± 0.04) in correctly distinguishing between treatment success and failure notes.

Discussion: Our results suggest that text classifiers applied to clinical notes are capable of differentiating patients with successful treatment outcomes with high levels of accuracy. This finding is encouraging, signaling that routinely collected clinical note content may serve as a data source to develop an outcome measure for orthopaedic patients.

© 2025 Floyd, Almeldien, Smith, Judkins, Krohn, Reynolds, Jeray and Obeid.","cross-sectional study","Frontiers in Digital Health","1","10.3389/fdgth.2025.1523953","https://consensus.app/papers/using-artificial-intelligence-to-develop-a-measure-of-floyd-almeldien/e0c7725401b05ea3927a723cfbc1a9b3/"
"Bone mineral density response prediction following osteoporosis treatment using machine learning to aid personalized therapy","Our machine learning-based decision support system effectively predicts bone mineral density response after osteoporosis treatment, aiding in personalized therapy and improving bone health.","Thiraphat Tanphiriyakun, S. Rojanasthien, Piyapong Khumrin",2021,27,"Osteoporosis is a global health problem for ageing populations. The goals of osteoporosis treatment are to improve bone mineral density (BMD) and prevent fractures. One major obstacle that remains a great challenge to achieve the goals is how to select the best treatment regimen for individual patients. We developed a computational model from 8981 clinical variables, including demographic data, diagnoses, laboratory results, medications, and initial BMD results, taken from 10-year period of electronic medical records to predict BMD response after treatment. We trained 7 machine learning models with 13,562 osteoporosis treatment instances [comprising 5080 (37.46%) inadequate treatment responses and 8482 (62.54%) adequate responses] and selected the best model (Random Forests with area under the receiver operating curve of 0.70, accuracy of 0.69, precision of 0.70, and recall of 0.89) to individually predict treatment responses of 11 therapeutic regimens, then selected the best predicted regimen to compare with the actual regimen. The results showed that the average treatment response of the recommended regimens was 9.54% higher than the actual regimens. In summary, our novel approach using a machine learning-based decision support system is capable of predicting BMD response after osteoporosis treatment and personalising the most appropriate treatment regimen for an individual patient.","theoretical, modeling, or simulation study","Scientific Reports","1","10.1038/s41598-021-93152-5","https://consensus.app/papers/bone-mineral-density-response-prediction-following-tanphiriyakun-rojanasthien/2abbbf5677a85a55835f57571cd45fb3/"
"Artificial intelligence models cannot yet replace experts in providing patient education for shoulder and elbow orthopaedic pathologies: a systematic review and meta-analysis","AI algorithms show promising accuracy in providing patient education for shoulder and elbow orthopaedic pathologies, but should not replace experts due to poor readability, quality, and value.","J. Dworsky-Fried, Matthew Mellon, Preksha Rathod, James Yan, Moin Khan",2026,2,"Background: AI and machine learning (ML) have diverse applications in orthopedic surgery, such as for diagnosis of disease, surgical assistance, and outcome prediction. When used as adjuncts, AI has a potential to reduce clinical workload, improve workflow and aid in clinical decision making. The objective of this systematic review is to evaluate current literature on artificial intelligence (AI) to assess effectiveness in developing responses to inquiries related to orthopaedic upper extremity pathologies.

Methods: Three databases (PubMed, MEDLINE, EMBASE) were searched for studies involving AI and questions in shoulder and elbow orthopedics. Inclusion criteria included papers related to shoulder and elbow, human studies, use of AI models, published in English language and at any level of evidence. Data on response accuracy, reliability and quality, as well as area under the curve (AUC) of the given AI algorithm, were recorded. Meta-analyses were conducted on both the accuracy and AUC of AI algorithms on relevant studies. Risk of bias was assessed using the Quality Assessment of Diagnostic Accuracy Studies (QUADAS-2).

Results: A total of 16 studies were included in this review. Nine studies used a version of ChatGPT, one study used GoogleBard, and the remaining seven studies used a variety of AI learning models. The overall pooled accuracy of responses developed by AI models was 78%, and the pooled mean AUC of included AI algorithms was 86%. AI algorithms performed inferiorly compared to experts. The overall quality and readability of AI responses were poor.

Conclusions: AI algorithms assessed in our study demonstrated a promising degree of accuracy and performance. However, AI responses were found to be inferior to experts and had poor readability, quality, and value to the patient. In its current state of technology, AI is a powerful tool that can be used in conjunction with experts to augment patient education, however, it should not be utilized independently.

© AME Publishing Company.","meta-analysis","Annals of Joint","3","10.21037/aoj-25-38","https://consensus.app/papers/artificial-intelligence-models-cannot-yet-replace-dworsky-fried-mellon/b83506a6fd3c52a78d7acc130a3afb3d/"
"Abandon the mean value thinking: Personalized medicine an intuitive way for improved outcomes in orthopaedics.","","M. Hirschmann, Michel P. Bonnin",2024,31,"The authors declare no conflict of interest.","","Knee surgery, sports traumatology, arthroscopy : official journal of the ESSKA","1","10.1002/ksa.12503","https://consensus.app/papers/abandon-the-mean-value-thinking-personalized-medicine-an-hirschmann-bonnin/f942d2e746b95694a93f4432433e471b/"
"Artificial Intelligence (AI) applications in orthopaedics: An innovative technology to embrace.","AI in orthopaedics can improve patient outcome quality by reducing human errors and providing real-time notifications, enhancing surgical precision and safety.","Abid Haleem, Raju Vaishya, M. Javaid, I. Khan",2020,93,"","other","Journal of clinical orthopaedics and trauma","2","10.1016/j.jcot.2019.06.012","https://consensus.app/papers/artificial-intelligence-ai-applications-in-orthopaedics-haleem-vaishya/0ddc9b30ed4352649b8f70c92db5f7f3/"
"Personalised Outcomes Forecasts of Supervised Exercise Therapy in Intermittent Claudication: An Application of Neighbours Based Prediction Methods with Routinely Collected Clinical Data.","Neighbors based prediction accurately generates personalised outcomes forecasts for patients with intermittent claudication undergoing supervised exercise therapy.","Anneroos Sinnige, A. Kittelson, P. J. van der Wees, J. Teijink, T. Hoogeboom",2022,7,"","theoretical, modeling, or simulation study","European journal of vascular and endovascular surgery : the official journal of the European Society for Vascular Surgery","1","10.1016/j.ejvs.2021.12.040","https://consensus.app/papers/personalised-outcomes-forecasts-of-supervised-exercise-sinnige-kittelson/cb110d3685aa5389bf3c241657b45626/"
